date,1,2,3,4,5,6,7,8,9,10,11,12,13,14,15,16,17,18,19,20,21,22,23,24,25,26,27,28,29,30,31,32,33,34,35,36,37,38,39,40,41,42,43,44,45,46,47,48,49,50,51,52,53,54,55,56,57,58,59,60,61,62,63,64,65,66,67,68,69,70,71,72,73,74,75,76,77,78,79,80,81,82,83,84,85,86,87,88,89,90,91,92,93,94,95,96,97,98,99,100,101,102,103,104,105,106,107,108,109,110,111,112,113,114,115,116,117,118,119,120,121,122,123,124,125,126,127,128,129,130,131,132,133,134,135,136,137,138,139,140,141,142,143,144,145,146,147,148,149,150,151,152,153,154,155,156,157,158,159,160,161,162,163,164,165,166,167,168,169,170,171,172,173,174,175,176,177,178,179,180,181,182,183,184,185,186,187,188,189,190,191,192,193,194,195,196,197,198,199,200,201,202,203,204,205,206,207,208,209,210,211,212,213,214,215,216,217,218,219,220,221,222,223,224,225,226,227,228,229,230,231,232,233,234,235,236,237,238,239,240,241,242,243,244,245
2009-01-01,76,269,161,407,25.0,5.0,5.0,95.0,62,63,35.0,166,283,196,141,73,51,38,,43,15.0,24.0,6.0,8.0,12.0,89,38.0,111,4.0,,23.0,,9.0,103,4.0,7.0,2.0,7.0,28.0,154,255,75,85,57,122,294,40,177,13.0,263,70,130,24.0,5.0,22.0,78,,,133,4.0,12.0,187,2.0,2.0,2.0,10.0,2.0,,15.0,,,5.0,,12.0,10.0,20,,20.0,52,71,6.0,12.0,213,37.0,36.0,34.0,166,91.0,167,,,35,,6.0,8.0,900,,105,555,289,6.0,,2.0,,,4.0,10.0,,15.0,4.0,4.0,88,49,81,168,82,175,18.0,132,29.0,49,26.0,,98,14,43,106,,81,,8.0,,5.0,,4.0,2.0,,17.0,6.0,2.0,4.0,11,96,120,22.0,26.0,22.0,18.0,8.0,63,81,166,202,203,112,10.0,5.0,,2.0,,,15.0,13.0,33.0,86,21,35,48,40,30.0,68,22.0,12.0,19.0,56.0,110,25.0,29.0,13.0,42.0,172,23,40,16,44,20,6.0,,6.0,,,8.0,,,2.0,6.0,,27.0,,15.0,45.0,48,55.0,55,26,14.0,12.0,,79,5.0,78,5.0,143,55.0,238,18.0,32.0,98,6.0,20.0,15.0,64.0,7.0,20.0,,10.0,2.0,16.0,64,70,,,,,4.0,18.0,10.0,4.0,,,2.0,96,163,,
2009-02-01,62,104,121,347,18.0,2.0,2.0,57.0,28,74,24.0,107,299,65,71,103,81,45,,36,9.0,29.0,14.0,,12.0,52,9.0,48,4.0,,27.0,,18.0,89,22.0,,4.0,14.0,7.0,85,195,55,36,37,151,181,63,96,21.0,162,58,66,4.0,28.0,12.0,44,,4.0,77,,8.0,116,5.0,21.0,8.0,,,,,,,11.0,,14.0,8.0,33,,20.0,42,82,5.0,13.0,133,20.0,13.0,38.0,78,51.0,122,,,25,7.0,,7.0,624,,116,460,182,,,4.0,,10.0,,9.0,2.0,24.0,,11.0,60,76,54,126,38,111,,47,22.0,34,34.0,8.0,101,19,33,81,12.0,81,,8.0,,,5.0,5.0,,,,8.0,2.0,6.0,14,74,50,8.0,28.0,24.0,14.0,14.0,86,80,108,110,92,14,2.0,,,,6.0,,11.0,17.0,27.0,77,46,23,27,25,8.0,30,46.0,5.0,21.0,11.0,87,6.0,24.0,6.0,23.0,139,13,41,8,24,11,7.0,2.0,2.0,,,36.0,,,,,,24.0,5.0,7.0,2.0,18,21.0,33,2,11.0,19.0,,80,,44,4.0,104,61.0,244,7.0,22.0,27,,6.0,19.0,11.0,4.0,2.0,,,,15.0,39,75,,,,,10.0,10.0,12.0,2.0,,,,71,67,,
2009-03-01,90,109,110,261,34.0,2.0,,50.0,39,44,18.0,123,328,117,86,91,31,54,9.0,94,24.0,20.0,44.0,,11.0,99,23.0,76,12.0,2.0,27.0,2.0,20.0,111,9.0,,4.0,,21.0,63,257,38,64,61,166,212,52,170,11.0,90,155,60,13.0,20.0,32.0,73,,6.0,98,4.0,10.0,192,4.0,,,9.0,13.0,,15.0,,5.0,6.0,2.0,25.0,6.0,13,,20.0,70,106,12.0,16.0,237,32.0,8.0,19.0,92,75.0,131,,,63,2.0,,,764,,92,519,226,6.0,,,2.0,,,9.0,,,17.0,10.0,61,66,52,118,61,92,35.0,86,26.0,35,35.0,5.0,109,12,34,55,5.0,69,,4.0,,7.0,,5.0,,,,10.0,2.0,,15,91,23,9.0,2.0,17.0,19.0,26.0,75,84,164,187,97,70,,,,,,,15.0,25.0,38.0,124,51,18,48,31,28.0,17,46.0,5.0,16.0,32.0,119,5.0,8.0,4.0,16.0,149,6,37,35,32,16,7.0,4.0,2.0,,12.0,24.0,,5.0,13.0,,,45.0,10.0,17.0,4.0,8,49.0,51,16,27.0,4.0,,34,2.0,68,2.0,92,43.0,172,6.0,13.0,27,,8.0,30.0,23.0,10.0,2.0,,24.0,11.0,4.0,59,74,,,,,13.0,5.0,11.0,12.0,,,,122,178,,
2009-04-01,58,149,109,324,14.0,7.0,,64.0,53,44,26.0,126,260,136,107,70,33,51,,57,8.0,30.0,12.0,,4.0,97,45.0,97,,7.0,23.0,7.0,6.0,148,7.0,,,2.0,33.0,106,282,76,78,65,127,225,105,138,28.0,204,102,67,7.0,8.0,2.0,84,,8.0,112,,8.0,182,,24.0,10.0,,,,,,5.0,6.0,6.0,19.0,,37,5.0,46.0,25,108,,34.0,163,10.0,37.0,30.0,102,60.0,91,,2.0,90,,,7.0,753,,124,440,350,8.0,,2.0,,20.0,2.0,5.0,,9.0,14.0,5.0,53,145,81,164,84,84,9.0,94,7.0,10,11.0,4.0,62,16,21,88,,66,5.0,4.0,,9.0,,,,2.0,2.0,6.0,11.0,4.0,21,62,86,24.0,31.0,15.0,18.0,30.0,60,63,100,135,111,74,,,11.0,,,,2.0,9.0,7.0,96,28,25,50,20,26.0,44,37.0,4.0,33.0,12.0,106,8.0,8.0,4.0,10.0,117,15,37,35,22,18,8.0,7.0,5.0,4.0,,5.0,,,12.0,6.0,2.0,14.0,10.0,14.0,8.0,27,39.0,60,17,30.0,4.0,,70,5.0,78,2.0,88,55.0,211,9.0,28.0,53,17.0,2.0,16.0,18.0,7.0,15.0,,2.0,5.0,,77,66,,,,,10.0,10.0,26.0,13.0,,,5.0,113,152,,
2009-05-01,45,188,153,402,11.0,10.0,,41.0,98,74,16.0,159,232,93,123,132,131,47,2.0,22,9.0,13.0,10.0,2.0,11.0,52,16.0,73,,12.0,18.0,,4.0,262,9.0,,11.0,5.0,14.0,140,311,71,104,64,146,232,48,160,6.0,221,87,91,4.0,18.0,5.0,58,,,91,,16.0,149,11.0,13.0,5.0,,,,5.0,,,11.0,4.0,51.0,14.0,45,,19.0,42,87,8.0,9.0,232,17.0,27.0,29.0,147,73.0,177,5.0,,52,,2.0,,795,6.0,138,582,241,2.0,,7.0,,,2.0,26.0,,12.0,13.0,11.0,39,162,86,188,67,85,21.0,82,17.0,62,14.0,4.0,81,6,26,92,,57,,22.0,,20.0,,18.0,5.0,2.0,14.0,10.0,2.0,,45,50,126,39.0,44.0,20.0,13.0,18.0,77,90,185,192,122,66,,,5.0,2.0,,,17.0,18.0,19.0,95,66,8,39,39,4.0,50,30.0,30.0,25.0,16.0,139,,,8.0,22.0,114,19,35,21,61,22,4.0,2.0,13.0,14.0,,,,2.0,4.0,7.0,,24.0,,2.0,12.0,31,12.0,59,13,34.0,,7.0,72,,68,11.0,173,43.0,158,17.0,18.0,23,6.0,4.0,16.0,14.0,17.0,14.0,,13.0,7.0,12.0,89,69,,,,,2.0,8.0,15.0,21.0,,,,90,109,,
2009-06-01,83,150,133,517,25.0,18.0,,33.0,84,67,29.0,211,262,106,172,172,63,62,6.0,65,16.0,24.0,16.0,,22.0,26,29.0,76,,,36.0,,25.0,197,11.0,4.0,,,20.0,73,275,100,79,85,121,306,80,155,9.0,195,85,88,5.0,12.0,38.0,52,,,88,10.0,2.0,223,,2.0,25.0,,6.0,,5.0,,,5.0,4.0,46.0,12.0,27,,40.0,50,81,5.0,32.0,224,27.0,31.0,80.0,201,66.0,142,,,62,,,,951,2.0,137,633,264,16.0,,8.0,5.0,8.0,,16.0,2.0,20.0,4.0,16.0,84,130,65,202,79,130,19.0,64,33.0,41,58.0,2.0,98,4,53,111,14.0,72,2.0,29.0,5.0,19.0,16.0,2.0,2.0,,5.0,13.0,18.0,6.0,10,60,62,10.0,75.0,45.0,14.0,47.0,90,67,181,239,132,64,,,,2.0,,20.0,5.0,25.0,44.0,123,58,32,46,26,27.0,29,48.0,,4.0,26.0,165,5.0,21.0,18.0,21.0,156,33,63,41,45,31,11.0,,14.0,4.0,4.0,12.0,2.0,6.0,2.0,26.0,2.0,20.0,,9.0,22.0,41,36.0,72,31,39.0,20.0,,116,,136,,141,34.0,195,8.0,8.0,51,19.0,4.0,4.0,54.0,10.0,12.0,,2.0,2.0,12.0,72,43,,,,,7.0,8.0,,14.0,,,9.0,124,202,,5.0
2009-07-01,129,217,196,463,9.0,10.0,,51.0,73,119,22.0,257,257,138,97,84,56,50,,34,4.0,36.0,,,26.0,66,27.0,73,4.0,,26.0,,11.0,211,10.0,5.0,16.0,,10.0,103,377,125,78,92,163,221,81,212,27.0,225,48,62,4.0,10.0,18.0,86,8.0,4.0,147,,7.0,208,14.0,5.0,7.0,5.0,5.0,11.0,29.0,,10.0,5.0,6.0,26.0,,43,9.0,37.0,59,89,20.0,34.0,227,8.0,21.0,32.0,161,87.0,141,5.0,5.0,125,,10.0,5.0,765,13.0,106,557,225,2.0,,4.0,,,10.0,5.0,,21.0,23.0,22.0,68,120,68,181,80,104,25.0,79,40.0,39,20.0,,81,10,19,95,8.0,101,,12.0,5.0,7.0,5.0,7.0,,,,8.0,19.0,4.0,22,92,80,32.0,31.0,32.0,10.0,52.0,99,118,120,220,143,61,,,,,2.0,,12.0,27.0,28.0,86,27,30,59,15,5.0,72,19.0,11.0,15.0,52.0,129,,4.0,15.0,20.0,152,13,31,44,28,13,2.0,,5.0,10.0,11.0,,2.0,2.0,,4.0,,10.0,,19.0,35.0,55,66.0,63,39,10.0,19.0,2.0,113,4.0,96,2.0,140,19.0,146,10.0,21.0,75,2.0,,36.0,24.0,,,,,,,95,75,,,,,14.0,17.0,7.0,16.0,,,,105,211,,14.0
2009-08-01,83,334,218,292,36.0,10.0,4.0,44.0,116,74,21.0,130,314,147,106,96,56,55,,34,10.0,32.0,13.0,,16.0,75,14.0,133,5.0,17.0,20.0,7.0,8.0,119,10.0,,6.0,7.0,22.0,156,265,96,74,76,176,229,21,184,9.0,133,138,34,25.0,10.0,2.0,64,,,126,5.0,40.0,210,,17.0,25.0,,5.0,,15.0,,2.0,,5.0,67.0,4.0,9,6.0,32.0,30,88,6.0,30.0,226,,22.0,40.0,128,41.0,104,7.0,18.0,58,2.0,10.0,10.0,721,4.0,186,469,326,,4.0,,,5.0,,4.0,5.0,28.0,34.0,2.0,113,129,56,186,84,106,24.0,132,50.0,14,58.0,,102,20,35,92,12.0,64,4.0,12.0,,5.0,5.0,,5.0,,7.0,6.0,26.0,2.0,35,55,53,24.0,64.0,10.0,4.0,26.0,62,55,162,285,143,91,,6.0,,,4.0,10.0,,28.0,10.0,104,38,31,70,17,26.0,36,30.0,35.0,41.0,14.0,142,,4.0,11.0,15.0,145,26,25,40,53,14,8.0,4.0,2.0,2.0,4.0,17.0,,2.0,2.0,9.0,,21.0,,25.0,50.0,17,34.0,83,31,25.0,12.0,,99,,120,4.0,96,38.0,173,10.0,20.0,71,7.0,2.0,16.0,45.0,15.0,16.0,2.0,2.0,,2.0,57,62,4.0,,4.0,,18.0,2.0,26.0,25.0,,,,133,124,,
2009-09-01,74,254,118,218,11.0,14.0,2.0,39.0,62,71,15.0,152,211,122,46,104,84,55,8.0,28,11.0,24.0,12.0,,13.0,74,29.0,93,,4.0,12.0,5.0,6.0,159,,,13.0,,25.0,90,210,82,92,59,150,188,46,141,23.0,165,84,58,6.0,10.0,29.0,71,,,102,,51.0,257,,10.0,12.0,5.0,7.0,2.0,5.0,,6.0,11.0,,32.0,6.0,10,,17.0,39,95,16.0,20.0,188,16.0,41.0,64.0,210,90.0,98,7.0,4.0,98,,,2.0,756,,128,511,249,,,13.0,,12.0,5.0,,10.0,20.0,10.0,,48,68,50,118,66,129,31.0,89,54.0,58,36.0,,116,15,41,117,,99,,18.0,,5.0,,2.0,,,,12.0,2.0,,41,76,35,29.0,25.0,4.0,29.0,20.0,42,59,135,181,74,65,,,,6.0,6.0,,12.0,2.0,32.0,106,62,48,67,23,16.0,23,,4.0,19.0,14.0,182,,6.0,10.0,12.0,76,6,10,35,38,13,13.0,,2.0,2.0,,8.0,,,,5.0,4.0,8.0,,14.0,20.0,24,51.0,66,20,24.0,10.0,,87,2.0,49,,118,5.0,122,5.0,29.0,73,4.0,9.0,21.0,14.0,7.0,14.0,,,,10.0,40,61,11.0,,,,12.0,,7.0,16.0,,,5.0,78,135,,2.0
2009-10-01,93,176,131,360,41.0,10.0,,68.0,34,65,24.0,170,252,78,45,87,57,41,,6,14.0,17.0,29.0,,11.0,74,22.0,72,12.0,6.0,4.0,,10.0,110,6.0,2.0,2.0,,17.0,84,275,47,55,89,79,156,41,160,22.0,116,121,38,,24.0,45.0,67,,,166,18.0,26.0,178,10.0,14.0,31.0,,9.0,,2.0,,7.0,7.0,5.0,54.0,9.0,22,2.0,18.0,53,101,10.0,30.0,228,21.0,27.0,26.0,99,107.0,76,,4.0,101,6.0,,,806,10.0,132,529,273,2.0,5.0,,5.0,4.0,,15.0,,41.0,34.0,12.0,90,128,44,197,26,155,29.0,82,22.0,40,28.0,14.0,121,12,33,77,8.0,54,,15.0,,,,,,4.0,5.0,22.0,2.0,6.0,8,70,14,5.0,23.0,4.0,16.0,16.0,130,61,183,197,147,44,,,,,,8.0,2.0,,33.0,119,30,24,28,24,45.0,51,26.0,6.0,19.0,35.0,137,8.0,12.0,42.0,28.0,157,12,59,16,22,6,6.0,2.0,2.0,,,4.0,5.0,,,8.0,,11.0,,20.0,10.0,22,21.0,42,12,10.0,20.0,,73,2.0,85,,116,,143,5.0,6.0,67,24.0,2.0,,11.0,,24.0,,19.0,,8.0,59,65,,,,,5.0,,10.0,17.0,5.0,,20.0,135,117,,
2009-11-01,42,129,184,338,28.0,5.0,,78.0,44,100,32.0,233,165,90,69,85,72,73,,24,,32.0,23.0,6.0,10.0,64,14.0,193,12.0,,29.0,5.0,22.0,78,,,4.0,4.0,29.0,86,333,65,69,60,101,223,47,119,11.0,193,123,54,25.0,22.0,32.0,102,,,99,2.0,44.0,201,,20.0,4.0,8.0,,,27.0,2.0,12.0,4.0,8.0,50.0,14.0,25,36.0,11.0,41,56,26.0,10.0,213,28.0,11.0,44.0,136,59.0,79,5.0,4.0,47,4.0,,,807,16.0,105,607,193,,,2.0,5.0,6.0,2.0,16.0,9.0,15.0,20.0,,79,86,33,138,80,110,25.0,101,39.0,41,20.0,5.0,101,34,33,61,6.0,107,4.0,15.0,,15.0,,,,,2.0,14.0,5.0,6.0,18,88,111,2.0,40.0,13.0,20.0,2.0,115,72,148,265,120,86,10.0,,5.0,,6.0,5.0,5.0,42.0,31.0,112,38,27,58,51,16.0,19,19.0,4.0,15.0,40.0,173,,17.0,8.0,15.0,181,28,58,47,12,18,2.0,4.0,,5.0,,15.0,7.0,7.0,4.0,4.0,,22.0,,2.0,22.0,26,29.0,65,24,27.0,6.0,,84,,141,10.0,110,8.0,172,11.0,10.0,29,20.0,6.0,9.0,12.0,2.0,11.0,,9.0,,14.0,90,44,10.0,5.0,,,,9.0,17.0,4.0,,,,102,139,,5.0
2009-12-01,105,213,167,264,18.0,5.0,7.0,58.0,58,58,2.0,160,223,110,58,113,123,42,,49,16.0,19.0,19.0,,13.0,46,25.0,99,5.0,13.0,2.0,,30.0,104,8.0,2.0,4.0,13.0,32.0,79,311,117,86,68,118,147,81,125,22.0,114,79,100,19.0,37.0,32.0,120,,,137,13.0,5.0,137,4.0,14.0,10.0,,31.0,15.0,12.0,,,,10.0,41.0,,21,12.0,17.0,42,57,,56.0,207,6.0,44.0,33.0,117,65.0,150,,6.0,58,4.0,,,697,,107,469,238,13.0,,4.0,10.0,10.0,,10.0,9.0,42.0,21.0,6.0,73,131,50,157,74,164,25.0,173,35.0,31,58.0,,119,25,37,87,8.0,100,8.0,27.0,,2.0,6.0,,5.0,10.0,,18.0,,4.0,16,95,145,16.0,98.0,10.0,26.0,20.0,72,99,172,208,109,39,4.0,,5.0,,5.0,9.0,20.0,17.0,73.0,113,28,20,54,58,47.0,52,47.0,23.0,14.0,17.0,160,,11.0,22.0,13.0,236,34,60,34,35,18,,,6.0,5.0,,20.0,,,9.0,2.0,,19.0,,10.0,23.0,39,14.0,64,17,35.0,12.0,5.0,101,5.0,95,2.0,162,19.0,207,7.0,24.0,141,14.0,7.0,16.0,33.0,5.0,5.0,,12.0,4.0,12.0,69,50,5.0,,,,7.0,20.0,10.0,19.0,,,,83,150,,
2010-01-01,43,131,112,236,18.0,20.0,5.0,60.0,38,70,20.0,106,222,82,71,71,61,18,,50,10.0,6.0,58.0,,4.0,71,53.0,96,,4.0,4.0,14.0,6.0,82,,,,,15.0,87,353,65,58,57,163,106,116,75,49.0,136,95,83,4.0,39.0,16.0,65,,,149,,18.0,179,,5.0,6.0,,17.0,4.0,10.0,,5.0,5.0,,61.0,2.0,24,,24.0,58,35,31.0,27.0,170,2.0,50.0,36.0,135,84.0,159,,,61,,6.0,,582,2.0,106,388,235,4.0,5.0,2.0,,5.0,,15.0,5.0,15.0,40.0,11.0,48,57,35,90,55,52,18.0,151,19.0,23,33.0,4.0,149,12,43,73,10.0,54,9.0,26.0,,,,,,,,8.0,,4.0,20,39,72,6.0,17.0,22.0,4.0,21.0,93,96,109,128,177,48,5.0,2.0,11.0,,13.0,4.0,,13.0,45.0,87,24,16,47,27,,27,43.0,17.0,14.0,29.0,108,,5.0,11.0,14.0,142,14,39,32,20,10,5.0,,7.0,2.0,,12.0,,,8.0,4.0,,2.0,,8.0,7.0,23,20.0,46,20,16.0,10.0,,108,,75,,112,11.0,147,5.0,15.0,67,6.0,,12.0,28.0,6.0,4.0,5.0,7.0,2.0,6.0,45,63,,5.0,2.0,,11.0,5.0,14.0,8.0,,4.0,15.0,71,76,,7.0
2010-02-01,41,60,71,169,12.0,,,15.0,34,29,,92,131,130,55,77,41,28,,26,13.0,18.0,34.0,,8.0,61,26.0,38,5.0,,4.0,,4.0,72,2.0,,5.0,9.0,19.0,93,193,91,24,38,95,94,49,76,17.0,64,70,35,,2.0,24.0,54,,,94,4.0,6.0,130,,7.0,6.0,,5.0,,16.0,,,,,8.0,2.0,27,,5.0,15,55,8.0,17.0,125,6.0,10.0,18.0,103,49.0,85,,7.0,62,,,,506,,57,238,148,2.0,,4.0,,9.0,,12.0,5.0,25.0,9.0,5.0,52,55,15,115,51,54,30.0,47,17.0,34,43.0,,97,12,23,82,,34,,4.0,,18.0,,,,,15.0,2.0,,2.0,20,26,39,,21.0,7.0,,4.0,18,73,132,107,111,66,,,,5.0,4.0,,,17.0,38.0,54,16,24,25,28,33.0,36,14.0,7.0,4.0,12.0,103,2.0,,2.0,19.0,99,12,32,8,39,24,,,2.0,,,2.0,,,,,,10.0,,5.0,19.0,6,13.0,36,29,6.0,8.0,,41,5.0,57,,109,8.0,31,10.0,13.0,27,7.0,,2.0,10.0,5.0,8.0,,,,2.0,18,63,,,,,2.0,10.0,10.0,16.0,,,11.0,85,57,,6.0
2010-03-01,88,105,68,325,2.0,2.0,,44.0,29,68,10.0,141,204,76,53,77,84,34,,28,12.0,18.0,34.0,,16.0,59,28.0,58,,,,2.0,21.0,92,5.0,6.0,,9.0,18.0,109,325,97,89,63,106,169,70,166,18.0,218,111,49,,11.0,17.0,111,,,95,2.0,16.0,186,,40.0,2.0,,10.0,,,2.0,5.0,,,31.0,2.0,4,16.0,33.0,16,58,19.0,27.0,174,2.0,,33.0,132,78.0,93,7.0,9.0,77,,,,641,8.0,65,396,119,2.0,,2.0,,,,17.0,,20.0,2.0,15.0,63,65,42,91,71,82,16.0,80,13.0,29,26.0,7.0,120,8,26,50,,51,,9.0,,2.0,,,,,9.0,6.0,8.0,6.0,6,42,85,7.0,18.0,8.0,11.0,27.0,79,69,160,172,121,38,,,,,,2.0,6.0,14.0,77.0,63,26,18,41,19,2.0,27,26.0,,4.0,6.0,134,,6.0,19.0,15.0,100,9,53,12,24,24,5.0,2.0,4.0,,,9.0,4.0,7.0,,8.0,,17.0,,7.0,23.0,39,6.0,49,4,33.0,8.0,,55,,47,,123,4.0,54,14.0,9.0,24,4.0,2.0,7.0,10.0,5.0,4.0,,,,6.0,72,40,2.0,,,,30.0,17.0,16.0,,,,,75,137,,
2010-04-01,94,180,98,336,17.0,12.0,,38.0,46,34,15.0,122,316,110,117,89,84,28,,14,7.0,6.0,23.0,,20.0,85,15.0,95,10.0,5.0,29.0,5.0,2.0,95,12.0,,6.0,,11.0,146,316,81,61,74,153,113,86,163,21.0,254,62,51,19.0,11.0,18.0,49,,,129,,21.0,159,,4.0,4.0,9.0,,,16.0,,,5.0,5.0,39.0,6.0,7,2.0,4.0,62,67,4.0,23.0,151,18.0,18.0,34.0,162,81.0,130,5.0,6.0,65,,14.0,,597,6.0,109,484,299,,,,,4.0,5.0,17.0,5.0,20.0,13.0,14.0,55,99,30,137,73,78,19.0,98,36.0,26,18.0,11.0,77,8,35,63,2.0,73,,22.0,,,,5.0,,4.0,14.0,6.0,5.0,9.0,13,70,81,10.0,14.0,10.0,23.0,43.0,78,91,130,159,118,48,,,7.0,,5.0,9.0,9.0,9.0,12.0,84,33,42,35,38,6.0,47,23.0,2.0,22.0,28.0,128,2.0,4.0,11.0,18.0,113,21,18,31,31,29,,,15.0,8.0,,37.0,,5.0,,5.0,,17.0,,9.0,7.0,30,15.0,17,33,31.0,8.0,5.0,90,5.0,107,7.0,133,6.0,137,6.0,26.0,52,15.0,6.0,33.0,34.0,4.0,7.0,,5.0,,,82,95,,,,,19.0,,20.0,18.0,5.0,,,119,141,,
2010-05-01,92,161,97,266,33.0,11.0,,50.0,34,41,8.0,155,205,87,113,50,93,32,,24,16.0,2.0,12.0,8.0,10.0,83,25.0,84,11.0,,24.0,13.0,17.0,102,20.0,4.0,2.0,,25.0,136,336,125,35,141,119,159,86,198,14.0,258,110,58,17.0,46.0,25.0,68,,2.0,120,5.0,11.0,180,5.0,17.0,12.0,5.0,11.0,,7.0,,10.0,,5.0,35.0,2.0,18,,17.0,32,38,22.0,26.0,240,28.0,37.0,55.0,204,87.0,130,,4.0,42,,5.0,4.0,650,,74,452,265,4.0,,24.0,2.0,4.0,,9.0,,16.0,9.0,8.0,57,54,32,123,90,68,18.0,121,36.0,19,29.0,5.0,97,6,41,46,14.0,55,,9.0,5.0,5.0,,,,8.0,7.0,,9.0,17.0,8,34,89,15.0,32.0,22.0,18.0,10.0,91,110,170,112,86,86,,4.0,,,2.0,9.0,2.0,9.0,16.0,113,29,40,30,25,15.0,44,36.0,4.0,12.0,31.0,124,,10.0,30.0,7.0,110,16,28,47,25,23,2.0,2.0,6.0,,,22.0,,,,17.0,6.0,17.0,5.0,28.0,,19,67.0,14,17,28.0,10.0,5.0,63,,40,,149,14.0,71,17.0,22.0,74,31.0,4.0,9.0,30.0,,11.0,,20.0,,27.0,91,69,,,,,13.0,6.0,4.0,14.0,2.0,,,77,131,,6.0
2010-06-01,95,133,92,314,24.0,23.0,,31.0,101,39,17.0,167,273,105,108,69,82,31,,23,8.0,5.0,2.0,,20.0,80,40.0,120,,,10.0,7.0,27.0,90,28.0,,4.0,8.0,17.0,59,342,69,45,84,140,203,31,145,,177,80,70,7.0,24.0,10.0,71,,7.0,102,4.0,8.0,134,4.0,7.0,12.0,5.0,2.0,10.0,19.0,6.0,4.0,5.0,,22.0,4.0,13,2.0,29.0,30,75,8.0,54.0,275,14.0,39.0,34.0,125,90.0,103,4.0,4.0,59,7.0,,5.0,685,2.0,109,464,297,17.0,,7.0,,5.0,,5.0,,6.0,20.0,8.0,67,68,39,101,90,124,31.0,119,16.0,8,37.0,15.0,126,35,35,83,2.0,46,7.0,2.0,5.0,4.0,,,2.0,,4.0,2.0,2.0,,20,59,79,8.0,79.0,2.0,14.0,18.0,79,78,215,210,96,100,,,,,6.0,16.0,5.0,30.0,21.0,136,18,5,30,43,18.0,34,8.0,12.0,18.0,11.0,126,,5.0,12.0,9.0,106,9,22,50,26,36,2.0,4.0,7.0,2.0,,4.0,2.0,2.0,9.0,4.0,2.0,9.0,2.0,24.0,14.0,33,37.0,55,26,18.0,13.0,7.0,76,10.0,53,10.0,129,24.0,111,11.0,19.0,80,11.0,,23.0,17.0,18.0,5.0,,5.0,4.0,4.0,64,49,,,,,8.0,20.0,15.0,23.0,,,,111,108,,10.0
2010-07-01,53,171,107,413,13.0,,8.0,68.0,61,30,5.0,159,188,105,72,87,94,45,,39,16.0,16.0,11.0,4.0,4.0,78,21.0,94,8.0,5.0,25.0,4.0,32.0,99,27.0,2.0,7.0,5.0,25.0,103,311,62,49,94,151,228,65,180,19.0,150,137,58,5.0,66.0,,55,,,87,8.0,25.0,221,,5.0,2.0,7.0,5.0,6.0,19.0,15.0,4.0,6.0,,57.0,,7,4.0,21.0,85,109,11.0,26.0,218,9.0,11.0,52.0,179,75.0,110,,,58,,4.0,2.0,729,,94,447,218,2.0,,8.0,,,5.0,7.0,,24.0,22.0,2.0,91,91,42,149,54,71,12.0,133,13.0,24,45.0,2.0,138,12,46,93,7.0,51,,11.0,,,,,5.0,4.0,5.0,12.0,5.0,5.0,25,95,63,26.0,34.0,15.0,4.0,19.0,55,90,110,168,104,76,,,5.0,2.0,4.0,12.0,12.0,26.0,16.0,84,40,54,20,28,30.0,41,18.0,15.0,20.0,16.0,165,,14.0,2.0,7.0,176,20,87,43,48,29,13.0,2.0,15.0,16.0,2.0,4.0,,,,11.0,2.0,8.0,9.0,37.0,42.0,25,64.0,73,21,27.0,10.0,,89,,83,5.0,124,7.0,163,19.0,51.0,87,2.0,,14.0,25.0,14.0,2.0,,,5.0,20.0,66,60,,,,,,12.0,7.0,34.0,,,,126,130,,5.0
2010-08-01,115,186,78,258,7.0,10.0,,32.0,28,42,16.0,121,227,147,82,66,119,33,7.0,44,12.0,32.0,5.0,5.0,,89,35.0,152,2.0,2.0,30.0,5.0,19.0,92,4.0,,,6.0,8.0,105,285,87,49,104,135,180,67,181,11.0,164,187,67,7.0,32.0,8.0,108,,8.0,102,2.0,5.0,118,,4.0,6.0,,,,9.0,10.0,19.0,10.0,2.0,37.0,16.0,16,,24.0,109,79,16.0,20.0,148,5.0,24.0,78.0,79,58.0,129,,,45,,4.0,2.0,727,17.0,102,496,301,10.0,,2.0,2.0,,,29.0,,22.0,20.0,9.0,74,56,46,92,106,94,5.0,56,20.0,51,64.0,12.0,140,21,55,102,2.0,83,5.0,16.0,,5.0,,2.0,4.0,2.0,,6.0,11.0,,26,99,41,14.0,37.0,27.0,10.0,24.0,131,73,132,217,166,39,,,,,13.0,4.0,10.0,28.0,29.0,94,44,69,25,26,46.0,50,26.0,25.0,10.0,41.0,192,,18.0,4.0,28.0,88,17,35,37,31,14,,,12.0,4.0,2.0,22.0,,,,11.0,4.0,29.0,,16.0,16.0,38,33.0,40,29,29.0,12.0,2.0,104,,64,5.0,114,36.0,150,34.0,21.0,77,25.0,2.0,25.0,36.0,16.0,14.0,,14.0,6.0,5.0,86,71,,,6.0,,14.0,70.0,45.0,8.0,2.0,,,146,153,,
2010-09-01,88,196,56,279,20.0,10.0,,45.0,73,57,6.0,170,218,123,96,75,82,28,,31,14.0,28.0,20.0,5.0,24.0,97,32.0,155,,,10.0,5.0,6.0,89,10.0,,4.0,,22.0,81,344,98,47,105,111,203,99,190,28.0,181,107,79,5.0,37.0,12.0,25,,,73,,19.0,144,,,4.0,,8.0,10.0,5.0,6.0,2.0,,,23.0,7.0,10,,59.0,40,67,14.0,19.0,143,10.0,17.0,43.0,159,69.0,162,,4.0,67,,12.0,,603,,100,448,204,5.0,,,,8.0,,15.0,2.0,15.0,10.0,9.0,46,98,34,73,60,127,12.0,112,22.0,15,48.0,6.0,150,14,28,71,8.0,53,,2.0,2.0,,,,,,5.0,2.0,4.0,,28,123,54,23.0,30.0,31.0,10.0,14.0,96,76,119,180,74,79,,,,2.0,,11.0,15.0,7.0,25.0,80,37,37,59,22,4.0,59,60.0,23.0,23.0,24.0,186,,11.0,15.0,35.0,145,11,36,44,21,27,6.0,,24.0,,4.0,4.0,,7.0,9.0,19.0,,8.0,,19.0,28.0,35,30.0,54,14,20.0,25.0,,46,2.0,59,9.0,144,9.0,160,22.0,13.0,41,24.0,,24.0,19.0,4.0,6.0,,,4.0,4.0,90,83,,,,,2.0,30.0,22.0,,,,,137,153,,
2010-10-01,92,179,117,351,17.0,5.0,,37.0,51,33,22.0,160,281,111,101,84,75,46,,38,18.0,35.0,,,9.0,92,43.0,87,,5.0,20.0,5.0,14.0,83,6.0,,,,19.0,125,343,107,71,101,126,122,124,220,25.0,148,163,37,2.0,67.0,15.0,40,,,125,4.0,23.0,169,,11.0,5.0,6.0,,10.0,4.0,10.0,11.0,,,29.0,7.0,15,9.0,29.0,38,103,11.0,30.0,187,8.0,15.0,47.0,150,91.0,123,,,67,5.0,11.0,,685,,93,537,238,14.0,4.0,10.0,,5.0,,6.0,20.0,10.0,31.0,4.0,59,102,20,152,82,55,17.0,99,13.0,34,50.0,,135,18,32,97,2.0,107,,18.0,,,,2.0,2.0,,13.0,8.0,8.0,17.0,12,81,68,34.0,37.0,12.0,22.0,26.0,47,112,119,240,130,65,,2.0,7.0,,4.0,10.0,10.0,35.0,28.0,126,17,70,41,31,2.0,36,26.0,15.0,34.0,24.0,126,,5.0,5.0,28.0,120,37,23,23,35,37,,,7.0,,,17.0,,4.0,6.0,17.0,,10.0,,16.0,20.0,47,49.0,28,16,28.0,16.0,5.0,50,5.0,64,,121,22.0,149,7.0,15.0,68,8.0,,14.0,22.0,22.0,7.0,6.0,7.0,6.0,4.0,97,107,,,,,45.0,13.0,41.0,13.0,,2.0,,108,96,,2.0
2010-11-01,61,222,112,398,13.0,4.0,2.0,49.0,50,25,10.0,172,257,105,62,106,68,52,8.0,26,12.0,2.0,9.0,2.0,2.0,125,10.0,76,2.0,5.0,,5.0,35.0,88,4.0,,15.0,6.0,31.0,124,295,118,83,68,76,135,95,180,36.0,167,70,55,9.0,16.0,35.0,77,,,107,16.0,15.0,159,2.0,8.0,2.0,2.0,15.0,,2.0,,13.0,5.0,,15.0,,14,2.0,24.0,63,54,5.0,29.0,220,33.0,5.0,41.0,154,51.0,118,5.0,2.0,69,,,,602,,110,372,293,2.0,8.0,9.0,,,9.0,22.0,4.0,10.0,9.0,,48,135,18,144,110,81,18.0,76,2.0,33,33.0,17.0,100,22,35,56,6.0,71,9.0,16.0,5.0,21.0,,,,,,24.0,2.0,15.0,29,91,84,8.0,31.0,,2.0,12.0,44,88,118,218,110,38,,5.0,10.0,,5.0,23.0,,32.0,26.0,101,54,11,49,35,10.0,85,33.0,10.0,22.0,10.0,212,2.0,10.0,12.0,17.0,130,18,46,27,64,16,8.0,5.0,,,,2.0,,,7.0,9.0,,6.0,,7.0,39.0,21,39.0,50,21,25.0,14.0,5.0,78,5.0,59,,107,8.0,171,5.0,22.0,54,20.0,6.0,6.0,40.0,14.0,7.0,,44.0,,8.0,82,61,5.0,,,,14.0,28.0,20.0,12.0,,,16.0,102,115,,
2010-12-01,64,115,51,361,10.0,13.0,2.0,45.0,56,38,22.0,174,242,136,49,87,114,32,,45,21.0,26.0,32.0,5.0,17.0,117,33.0,106,,12.0,22.0,5.0,32.0,126,2.0,,9.0,,20.0,89,279,95,86,75,139,133,98,197,2.0,129,127,78,11.0,,2.0,51,,,71,,6.0,133,5.0,2.0,5.0,,10.0,5.0,10.0,4.0,2.0,,2.0,29.0,,2,16.0,22.0,54,56,27.0,23.0,200,20.0,21.0,27.0,125,78.0,193,,7.0,44,,,,519,2.0,60,388,248,,7.0,4.0,,4.0,,20.0,7.0,2.0,9.0,8.0,44,57,22,178,60,50,42.0,86,12.0,34,33.0,10.0,87,18,37,54,2.0,61,2.0,12.0,,,,9.0,,,2.0,23.0,,4.0,24,46,35,14.0,36.0,5.0,11.0,26.0,45,49,115,162,167,71,,,,,,5.0,5.0,14.0,33.0,79,47,31,60,17,4.0,42,14.0,8.0,22.0,10.0,127,,2.0,20.0,46.0,128,17,56,27,37,17,4.0,,13.0,,8.0,6.0,2.0,,,,2.0,17.0,,2.0,17.0,4,35.0,65,23,30.0,14.0,,61,,80,,137,16.0,106,9.0,34.0,80,24.0,5.0,24.0,43.0,6.0,10.0,,,6.0,4.0,82,62,,,,,7.0,12.0,2.0,12.0,,,10.0,78,150,,
2011-01-01,65,137,46,346,18.0,7.0,2.0,52.0,41,44,11.0,96,247,99,55,92,57,24,,63,10.0,27.0,20.0,8.0,10.0,57,19.0,54,4.0,,27.0,2.0,13.0,69,4.0,,12.0,,5.0,70,266,67,97,111,68,151,41,138,18.0,92,126,124,15.0,12.0,11.0,65,,,112,2.0,10.0,136,9.0,15.0,,,4.0,6.0,5.0,,2.0,,5.0,26.0,7.0,6,2.0,34.0,31,60,25.0,19.0,184,2.0,9.0,20.0,114,48.0,108,,,38,,,,619,8.0,84,322,229,6.0,5.0,,5.0,,,6.0,,5.0,4.0,10.0,35,50,29,132,35,70,21.0,104,20.0,23,15.0,,71,26,55,73,,58,,2.0,7.0,5.0,,,,,,12.0,,,26,37,35,4.0,11.0,5.0,,6.0,63,71,127,142,148,40,,,,,4.0,5.0,2.0,12.0,21.0,108,53,29,25,30,7.0,43,10.0,5.0,4.0,2.0,100,,8.0,30.0,14.0,97,23,38,34,18,8,2.0,2.0,6.0,4.0,,10.0,,2.0,,2.0,5.0,10.0,,22.0,10.0,11,16.0,109,12,28.0,6.0,10.0,63,17.0,48,12.0,134,14.0,73,,12.0,34,5.0,6.0,22.0,48.0,4.0,4.0,,9.0,12.0,12.0,64,64,,,,,7.0,,11.0,2.0,,,,113,128,,24.0
2011-02-01,46,73,35,248,7.0,10.0,,48.0,48,47,2.0,91,137,141,64,66,42,21,2.0,17,4.0,14.0,12.0,4.0,10.0,52,15.0,65,,,16.0,,12.0,69,2.0,,2.0,2.0,15.0,53,225,62,37,106,81,123,64,143,20.0,170,67,55,,20.0,8.0,64,,,65,2.0,,138,,,4.0,13.0,4.0,,,,13.0,,,24.0,5.0,6,5.0,20.0,22,57,5.0,42.0,163,8.0,12.0,26.0,86,26.0,48,2.0,4.0,25,4.0,6.0,5.0,509,8.0,55,345,171,,4.0,5.0,,10.0,,5.0,,15.0,8.0,,30,61,21,83,43,68,8.0,58,6.0,21,33.0,5.0,77,12,32,55,,38,6.0,10.0,,10.0,,,,,,7.0,,,15,32,37,4.0,19.0,,,15.0,21,35,98,94,53,32,,,,,2.0,6.0,,18.0,7.0,54,27,15,16,33,30.0,15,11.0,4.0,11.0,20.0,87,2.0,5.0,6.0,,66,13,24,9,27,16,,2.0,2.0,,,,,6.0,5.0,,,17.0,,2.0,24.0,18,22.0,40,2,18.0,4.0,,36,,25,,64,4.0,120,,15.0,35,5.0,4.0,5.0,20.0,,8.0,,,,4.0,65,35,,,,,5.0,10.0,6.0,8.0,,,2.0,46,62,,
2011-03-01,98,161,69,228,14.0,,7.0,68.0,41,43,2.0,74,232,83,54,60,71,39,4.0,34,6.0,22.0,14.0,4.0,11.0,77,47.0,48,,5.0,,,49.0,107,2.0,,,8.0,22.0,77,215,60,72,60,90,112,45,122,20.0,171,67,69,7.0,5.0,8.0,27,4.0,,76,5.0,36.0,127,,,5.0,6.0,18.0,,14.0,,8.0,,,16.0,,13,10.0,80.0,28,76,17.0,21.0,154,13.0,,28.0,115,104.0,150,2.0,,45,,8.0,,612,,80,360,199,,,,,,,20.0,5.0,6.0,6.0,7.0,56,102,8,87,60,88,22.0,66,16.0,99,25.0,,139,22,2,80,,35,,13.0,,,,,4.0,,,17.0,9.0,10.0,26,47,31,8.0,18.0,10.0,8.0,18.0,39,93,128,164,106,46,,,,,16.0,,,21.0,4.0,83,12,35,40,15,2.0,57,28.0,,18.0,4.0,150,,2.0,20.0,10.0,82,12,39,12,39,9,,5.0,8.0,4.0,,4.0,9.0,,4.0,2.0,,8.0,,10.0,2.0,23,25.0,49,4,13.0,13.0,,85,7.0,48,7.0,93,5.0,73,5.0,10.0,41,5.0,10.0,9.0,38.0,12.0,6.0,,4.0,,9.0,36,65,,,,,2.0,,,2.0,,,,69,146,,
2011-04-01,62,118,56,313,18.0,2.0,10.0,72.0,76,36,13.0,172,253,121,85,63,73,42,,51,2.0,43.0,46.0,,7.0,99,35.0,112,4.0,15.0,4.0,4.0,11.0,122,18.0,7.0,2.0,5.0,15.0,101,268,91,94,67,181,117,92,167,17.0,136,116,111,12.0,7.0,10.0,74,,,118,6.0,17.0,158,,4.0,4.0,5.0,13.0,,5.0,5.0,7.0,,,13.0,,13,2.0,11.0,9,85,12.0,9.0,219,32.0,15.0,17.0,194,103.0,130,,,62,,,7.0,641,,108,449,292,2.0,,6.0,,,,9.0,,6.0,5.0,4.0,54,68,26,136,43,119,18.0,72,13.0,34,13.0,14.0,53,16,41,33,2.0,58,,21.0,,15.0,,,,,,4.0,10.0,,14,49,78,4.0,10.0,9.0,10.0,14.0,81,52,146,171,117,46,2.0,,5.0,,,7.0,9.0,43.0,9.0,104,24,6,24,11,13.0,33,6.0,7.0,33.0,15.0,127,2.0,2.0,5.0,33.0,108,6,39,22,36,19,2.0,5.0,,4.0,,2.0,5.0,,18.0,16.0,4.0,6.0,,10.0,22.0,20,36.0,58,18,22.0,4.0,2.0,48,4.0,51,11.0,60,21.0,91,14.0,4.0,56,16.0,,22.0,35.0,12.0,5.0,,12.0,,24.0,60,46,,,,,,20.0,12.0,11.0,,,4.0,135,124,,
2011-05-01,69,161,70,271,20.0,5.0,6.0,68.0,64,52,16.0,178,238,139,65,92,139,20,6.0,37,8.0,54.0,7.0,,10.0,89,14.0,137,4.0,,4.0,2.0,26.0,157,15.0,,,9.0,4.0,137,356,72,58,74,101,224,57,196,17.0,182,146,82,8.0,41.0,,51,,,132,10.0,31.0,154,,11.0,12.0,2.0,4.0,,14.0,,30.0,,,59.0,7.0,36,,14.0,47,85,32.0,34.0,255,14.0,6.0,40.0,152,99.0,164,,12.0,57,,7.0,2.0,610,,86,454,357,2.0,,4.0,,,11.0,15.0,10.0,19.0,16.0,5.0,77,95,59,144,38,190,16.0,112,15.0,40,34.0,2.0,109,10,10,94,12.0,87,,14.0,2.0,,,,,,,7.0,5.0,5.0,10,48,95,16.0,43.0,17.0,19.0,16.0,82,82,135,181,168,43,,,2.0,5.0,5.0,11.0,9.0,16.0,46.0,105,48,32,52,36,5.0,33,6.0,2.0,4.0,13.0,170,,28.0,,21.0,101,28,26,21,54,17,15.0,5.0,11.0,,,22.0,,,16.0,10.0,2.0,28.0,2.0,11.0,18.0,42,12.0,79,28,2.0,10.0,,52,4.0,78,5.0,83,8.0,127,2.0,8.0,45,22.0,,25.0,39.0,6.0,4.0,,24.0,,4.0,74,48,,5.0,,,4.0,18.0,4.0,12.0,,,15.0,99,169,,
2011-06-01,49,94,106,320,24.0,4.0,,66.0,54,37,54.0,162,229,119,92,78,71,89,5.0,22,22.0,51.0,22.0,,6.0,106,30.0,110,6.0,5.0,6.0,,10.0,114,20.0,,,2.0,8.0,120,289,85,40,84,135,198,107,159,18.0,219,115,114,2.0,14.0,10.0,92,,,108,5.0,12.0,176,8.0,30.0,,5.0,2.0,,10.0,4.0,10.0,,,42.0,7.0,26,4.0,41.0,24,94,27.0,30.0,238,11.0,13.0,41.0,184,49.0,145,,4.0,69,,9.0,9.0,519,,94,390,282,,5.0,2.0,5.0,,4.0,25.0,,15.0,34.0,26.0,58,109,24,187,57,101,33.0,87,16.0,50,35.0,12.0,94,43,31,51,9.0,42,,9.0,,2.0,,18.0,,,5.0,,18.0,9.0,35,20,80,20.0,22.0,6.0,5.0,,40,101,204,231,159,57,,,,11.0,,12.0,10.0,35.0,39.0,82,58,23,67,30,22.0,49,54.0,,18.0,8.0,147,,8.0,39.0,,86,10,48,49,30,24,7.0,7.0,16.0,2.0,,24.0,2.0,5.0,,,2.0,41.0,,7.0,17.0,28,28.0,33,21,14.0,4.0,,87,6.0,68,5.0,90,27.0,132,2.0,7.0,52,16.0,4.0,12.0,7.0,7.0,6.0,4.0,,2.0,12.0,67,21,,,,,12.0,27.0,,13.0,,,5.0,143,159,,
2011-07-01,60,178,89,352,30.0,7.0,,48.0,42,80,8.0,139,233,184,102,91,118,40,5.0,51,20.0,35.0,25.0,,,113,50.0,85,,4.0,4.0,,5.0,86,22.0,,,,28.0,90,336,67,40,98,73,190,75,234,46.0,193,126,96,,15.0,36.0,37,,,103,10.0,28.0,168,5.0,12.0,4.0,2.0,,,5.0,,13.0,,4.0,47.0,,30,2.0,21.0,32,60,21.0,42.0,219,23.0,38.0,47.0,167,69.0,133,,,67,,,,851,,86,453,256,,,2.0,,,,53.0,5.0,34.0,22.0,12.0,57,99,38,186,77,157,31.0,86,33.0,51,56.0,18.0,110,32,14,42,2.0,70,,4.0,,11.0,,,2.0,10.0,,,2.0,2.0,46,86,109,24.0,18.0,11.0,9.0,10.0,63,82,202,220,87,61,11.0,4.0,,2.0,2.0,10.0,2.0,9.0,36.0,82,39,58,31,49,31.0,45,42.0,10.0,23.0,8.0,196,,24.0,7.0,20.0,138,12,48,20,50,44,2.0,10.0,4.0,5.0,2.0,11.0,,2.0,,18.0,2.0,24.0,2.0,17.0,34.0,16,14.0,58,21,23.0,14.0,5.0,76,,89,4.0,99,22.0,197,2.0,10.0,84,12.0,2.0,15.0,45.0,8.0,4.0,,11.0,,4.0,40,61,,2.0,,,10.0,19.0,11.0,29.0,,,2.0,91,174,,2.0
2011-08-01,83,175,59,538,8.0,5.0,10.0,76.0,63,45,6.0,104,204,282,86,81,108,42,12.0,47,16.0,59.0,9.0,,9.0,78,40.0,65,2.0,13.0,19.0,8.0,,121,23.0,,5.0,5.0,19.0,136,369,15,51,58,94,188,112,337,47.0,140,194,163,2.0,11.0,29.0,37,,,122,5.0,54.0,158,10.0,16.0,,4.0,14.0,5.0,10.0,,7.0,,,47.0,10.0,19,7.0,10.0,49,68,39.0,46.0,206,16.0,12.0,12.0,142,76.0,196,,2.0,114,,7.0,6.0,755,,66,423,328,18.0,5.0,9.0,7.0,5.0,,27.0,7.0,,32.0,13.0,62,82,65,160,46,159,35.0,90,18.0,61,31.0,7.0,77,43,26,75,2.0,76,2.0,23.0,,4.0,,2.0,2.0,2.0,5.0,35.0,6.0,4.0,19,84,88,16.0,4.0,41.0,,10.0,83,69,199,155,157,79,11.0,5.0,,2.0,7.0,15.0,9.0,15.0,13.0,69,64,10,72,60,23.0,35,31.0,2.0,9.0,12.0,159,6.0,14.0,23.0,13.0,128,4,31,17,36,23,4.0,10.0,2.0,5.0,13.0,14.0,,10.0,14.0,10.0,6.0,7.0,5.0,20.0,29.0,37,32.0,39,6,25.0,9.0,2.0,48,2.0,89,2.0,102,28.0,89,4.0,16.0,64,18.0,,17.0,44.0,,9.0,,,7.0,2.0,58,74,,5.0,,,12.0,39.0,37.0,32.0,,,7.0,67,165,,4.0
2011-09-01,69,101,103,474,38.0,,,84.0,113,54,37.0,98,266,127,98,102,122,31,,9,6.0,34.0,12.0,,7.0,73,32.0,78,,5.0,8.0,4.0,6.0,81,10.0,,14.0,,12.0,98,266,41,104,88,73,173,112,250,28.0,118,101,118,2.0,28.0,16.0,51,,6.0,79,6.0,9.0,102,15.0,12.0,4.0,15.0,2.0,,6.0,,5.0,4.0,2.0,27.0,,22,6.0,10.0,20,70,5.0,55.0,230,25.0,24.0,16.0,97,36.0,169,,,105,,12.0,,748,8.0,47,389,247,6.0,,,,,4.0,10.0,10.0,9.0,16.0,13.0,36,92,19,140,43,118,38.0,97,12.0,40,51.0,4.0,80,9,37,57,,43,,,5.0,,,2.0,,2.0,,4.0,,2.0,19,17,42,10.0,,7.0,19.0,13.0,58,77,152,190,170,38,28.0,,10.0,,,21.0,11.0,10.0,30.0,76,69,42,22,15,5.0,43,18.0,4.0,28.0,15.0,193,,7.0,4.0,43.0,90,4,20,20,42,23,17.0,,12.0,10.0,,15.0,2.0,,4.0,4.0,4.0,,,7.0,21.0,39,28.0,41,8,29.0,6.0,,62,2.0,41,5.0,95,6.0,75,21.0,9.0,53,4.0,8.0,9.0,15.0,,4.0,,10.0,2.0,16.0,51,45,,,,,8.0,16.0,19.0,25.0,,,,101,145,,
2011-10-01,43,129,115,386,17.0,9.0,,46.0,32,51,34.0,115,241,131,86,95,147,47,5.0,32,8.0,20.0,15.0,,23.0,94,22.0,110,,15.0,28.0,,8.0,89,,,9.0,,7.0,80,185,24,96,89,107,138,103,156,20.0,144,49,106,,9.0,29.0,64,,,76,,32.0,138,14.0,12.0,,,5.0,2.0,9.0,,11.0,5.0,2.0,22.0,5.0,12,11.0,24.0,51,80,6.0,43.0,210,15.0,13.0,21.0,128,110.0,127,,2.0,99,,2.0,5.0,719,,75,514,300,2.0,,8.0,5.0,,,13.0,5.0,7.0,6.0,2.0,87,121,38,142,42,135,11.0,125,39.0,26,33.0,9.0,126,20,14,62,,47,,12.0,,5.0,,2.0,,,2.0,16.0,2.0,,28,52,79,10.0,8.0,5.0,5.0,40.0,57,59,119,150,126,76,,,6.0,5.0,,12.0,5.0,35.0,39.0,76,33,6,65,38,19.0,50,7.0,9.0,12.0,2.0,116,8.0,26.0,27.0,14.0,107,14,20,41,23,16,,,21.0,4.0,,34.0,2.0,,4.0,10.0,6.0,31.0,,5.0,8.0,31,13.0,44,26,6.0,8.0,,52,6.0,92,,127,25.0,115,8.0,8.0,47,9.0,,13.0,,6.0,2.0,,4.0,5.0,10.0,57,70,,2.0,,,2.0,31.0,,14.0,,,5.0,119,121,,
2011-11-01,84,143,52,391,9.0,15.0,9.0,64.0,66,50,4.0,166,215,108,97,97,115,36,,38,8.0,80.0,10.0,,8.0,81,12.0,92,2.0,7.0,17.0,,10.0,77,6.0,,5.0,,23.0,138,319,62,53,53,117,150,94,197,31.0,156,94,86,2.0,22.0,17.0,66,,,113,7.0,13.0,196,7.0,5.0,,,6.0,,2.0,7.0,,5.0,,33.0,,8,4.0,51.0,54,61,2.0,27.0,198,13.0,11.0,9.0,146,70.0,130,,,103,,10.0,5.0,703,2.0,95,391,266,4.0,,,5.0,4.0,11.0,30.0,13.0,11.0,24.0,8.0,59,115,38,98,46,198,24.0,125,10.0,20,20.0,,96,12,44,30,4.0,39,,2.0,,5.0,5.0,2.0,2.0,,,4.0,,11.0,24,101,85,23.0,2.0,5.0,23.0,43.0,58,78,110,174,147,48,11.0,5.0,,,,33.0,,36.0,16.0,80,42,9,11,30,12.0,38,9.0,,10.0,8.0,93,6.0,15.0,4.0,28.0,107,31,16,19,4,11,,4.0,7.0,10.0,,41.0,4.0,,,7.0,,9.0,,2.0,14.0,39,25.0,43,13,28.0,6.0,,35,,79,,86,26.0,74,5.0,6.0,57,9.0,12.0,6.0,19.0,8.0,12.0,,,,20.0,42,55,,,,,2.0,25.0,23.0,17.0,,,5.0,66,138,,
2011-12-01,62,100,72,363,7.0,10.0,,97.0,46,62,22.0,173,195,130,50,102,104,35,,40,12.0,28.0,27.0,,4.0,50,36.0,147,,11.0,11.0,,18.0,134,14.0,,2.0,,26.0,104,401,59,68,87,84,136,57,135,22.0,106,93,129,8.0,10.0,11.0,50,,,117,11.0,14.0,161,,9.0,5.0,,,,32.0,5.0,12.0,4.0,,26.0,,14,,29.0,46,89,19.0,28.0,240,15.0,9.0,56.0,124,73.0,150,,,53,,,16.0,500,,72,362,287,,2.0,,,,2.0,21.0,5.0,12.0,11.0,6.0,41,72,14,129,31,166,29.0,123,18.0,38,42.0,,109,29,38,83,2.0,77,,2.0,2.0,,,,,,10.0,14.0,2.0,6.0,14,77,88,24.0,2.0,6.0,,11.0,34,77,126,161,114,77,,5.0,,10.0,12.0,,10.0,6.0,31.0,88,37,16,43,38,15.0,22,2.0,5.0,,16.0,123,,12.0,22.0,38.0,144,10,40,23,55,21,7.0,,13.0,5.0,,20.0,4.0,,,9.0,,11.0,,34.0,27.0,44,37.0,21,14,6.0,6.0,,109,,83,,93,9.0,62,7.0,24.0,15,15.0,,6.0,36.0,4.0,9.0,5.0,2.0,,18.0,57,59,7.0,,,,2.0,24.0,10.0,8.0,,,,97,145,,
2012-01-01,77,128,92,334,14.0,15.0,2.0,37.0,76,68,2.0,113,240,106,36,63,64,44,,18,6.0,52.0,6.0,4.0,13.0,38,26.0,72,,6.0,6.0,9.0,,85,12.0,,5.0,5.0,5.0,89,282,110,84,82,146,162,81,140,22.0,112,95,39,2.0,7.0,8.0,53,,,154,8.0,6.0,156,,12.0,10.0,4.0,5.0,,11.0,2.0,9.0,2.0,,22.0,5.0,8,2.0,,61,57,6.0,29.0,139,12.0,6.0,64.0,123,41.0,170,2.0,,53,2.0,2.0,8.0,574,,79,315,245,2.0,,,5.0,,8.0,10.0,,9.0,6.0,8.0,40,63,34,89,58,108,26.0,107,8.0,33,40.0,15.0,83,30,30,45,,65,2.0,10.0,,10.0,,4.0,,6.0,,6.0,4.0,9.0,17,12,66,11.0,14.0,,18.0,19.0,23,67,155,141,160,36,2.0,,24.0,2.0,,7.0,11.0,17.0,16.0,93,40,12,13,14,5.0,38,15.0,12.0,2.0,21.0,117,,21.0,12.0,17.0,98,8,30,22,34,16,,,11.0,4.0,,9.0,2.0,2.0,2.0,4.0,,20.0,,31.0,23.0,50,7.0,67,4,12.0,6.0,,53,2.0,111,6.0,118,8.0,70,4.0,29.0,34,15.0,6.0,5.0,12.0,11.0,7.0,,,4.0,16.0,40,72,,,,,,5.0,,9.0,,,2.0,107,111,,
2012-02-01,73,74,60,299,8.0,2.0,,24.0,92,40,12.0,105,98,57,36,56,78,20,2.0,34,2.0,37.0,12.0,,20.0,55,14.0,54,,5.0,10.0,2.0,2.0,52,,2.0,,,4.0,67,188,57,37,49,75,85,35,104,32.0,67,82,77,8.0,6.0,4.0,35,,,85,2.0,13.0,112,5.0,,,7.0,6.0,7.0,4.0,,,,,20.0,5.0,4,8.0,9.0,19,53,24.0,21.0,142,12.0,6.0,60.0,111,34.0,71,,7.0,48,,,2.0,487,,58,290,159,8.0,,,,,2.0,10.0,,2.0,15.0,2.0,26,28,26,64,37,65,15.0,76,7.0,26,14.0,,82,14,19,45,,62,,15.0,,,5.0,2.0,6.0,,2.0,2.0,,7.0,8,15,53,,7.0,,6.0,30.0,41,51,62,77,60,36,,,,,,,13.0,14.0,14.0,52,32,2,6,55,10.0,34,5.0,2.0,,7.0,90,,,,24.0,95,16,29,30,26,12,6.0,,7.0,,,18.0,2.0,,6.0,4.0,2.0,6.0,,21.0,,24,29.0,22,8,19.0,,,70,,60,,88,22.0,87,4.0,15.0,32,8.0,2.0,6.0,14.0,2.0,8.0,,,7.0,2.0,42,59,,,,,12.0,,5.0,16.0,,,,84,110,,
2012-03-01,34,129,53,155,19.0,,,42.0,116,56,6.0,86,196,93,43,128,70,22,,24,11.0,53.0,20.0,,6.0,101,43.0,93,,6.0,4.0,,,94,,,4.0,,11.0,76,253,50,57,54,95,104,53,227,18.0,78,107,98,,25.0,11.0,60,,14.0,106,5.0,23.0,102,,6.0,6.0,,,5.0,,,10.0,,,17.0,,7,4.0,10.0,22,57,17.0,13.0,199,5.0,5.0,18.0,95,58.0,102,,,50,,6.0,,580,,57,400,155,,2.0,4.0,,5.0,,5.0,,,11.0,8.0,46,51,42,98,44,91,13.0,78,12.0,50,38.0,10.0,141,8,41,69,,45,,11.0,,,,,,,4.0,6.0,,,8,39,47,14.0,2.0,20.0,6.0,22.0,24,52,95,129,111,42,,,,11.0,10.0,6.0,,,26.0,96,15,41,14,42,22.0,23,21.0,2.0,8.0,6.0,69,,4.0,28.0,11.0,58,22,23,23,39,22,,7.0,9.0,,5.0,19.0,,5.0,4.0,5.0,5.0,12.0,,,15.0,58,36.0,59,15,2.0,4.0,,61,7.0,90,,136,22.0,73,,2.0,71,5.0,2.0,10.0,37.0,18.0,13.0,,,2.0,4.0,93,64,,,,,7.0,23.0,,5.0,6.0,,,133,141,,
2012-04-01,64,116,83,286,32.0,15.0,7.0,74.0,67,19,6.0,99,203,85,69,73,65,16,,21,15.0,54.0,37.0,,9.0,37,43.0,106,8.0,14.0,8.0,,4.0,122,9.0,,4.0,,4.0,98,235,107,88,58,92,128,72,161,20.0,156,84,96,5.0,32.0,4.0,31,,,117,,13.0,152,5.0,,11.0,9.0,15.0,5.0,12.0,,,2.0,5.0,9.0,7.0,2,8.0,15.0,31,65,10.0,28.0,164,16.0,21.0,55.0,125,63.0,67,4.0,,46,,,5.0,548,10.0,66,310,240,,,,14.0,,,19.0,,15.0,7.0,4.0,36,72,69,146,60,89,16.0,69,16.0,27,21.0,5.0,94,22,14,64,8.0,56,8.0,10.0,2.0,,2.0,,4.0,,2.0,10.0,5.0,,20,53,64,4.0,,9.0,4.0,26.0,24,82,154,152,139,45,,,,,,8.0,2.0,26.0,20.0,80,38,28,36,14,2.0,22,27.0,24.0,11.0,8.0,87,,2.0,10.0,6.0,89,6,32,18,20,28,9.0,8.0,11.0,,,23.0,,,,12.0,5.0,7.0,,5.0,6.0,15,60.0,66,2,16.0,8.0,,106,,85,,108,16.0,107,2.0,2.0,36,8.0,10.0,10.0,29.0,,4.0,,6.0,2.0,7.0,78,20,,10.0,,,22.0,11.0,17.0,6.0,,,5.0,56,158,,2.0
2012-05-01,48,145,81,344,12.0,5.0,,49.0,80,27,15.0,190,274,113,71,145,162,34,,67,26.0,47.0,17.0,,10.0,73,33.0,72,11.0,15.0,,,6.0,61,2.0,,2.0,,21.0,71,249,69,61,58,126,216,84,161,33.0,152,92,63,5.0,27.0,5.0,53,,8.0,117,,21.0,127,10.0,11.0,2.0,6.0,7.0,,15.0,2.0,,,,46.0,20.0,13,9.0,40.0,38,41,13.0,69.0,282,10.0,14.0,18.0,91,126.0,84,5.0,,55,,,5.0,471,,65,436,238,,4.0,,,2.0,8.0,18.0,5.0,2.0,,10.0,76,78,50,183,21,70,28.0,144,37.0,27,43.0,,118,26,32,104,6.0,80,,10.0,,4.0,,,,,2.0,14.0,4.0,6.0,22,63,75,6.0,26.0,13.0,11.0,18.0,23,62,153,161,142,46,,,4.0,,5.0,4.0,,5.0,15.0,91,68,18,50,57,9.0,42,22.0,11.0,32.0,13.0,116,,4.0,12.0,24.0,105,7,43,28,30,12,,2.0,10.0,5.0,,40.0,2.0,,2.0,15.0,2.0,4.0,8.0,9.0,2.0,51,32.0,44,14,20.0,31.0,,55,,92,8.0,90,14.0,134,6.0,,82,16.0,2.0,6.0,31.0,2.0,4.0,,,2.0,4.0,75,61,,,2.0,,8.0,6.0,7.0,12.0,,,,120,162,,
2012-06-01,63,95,73,320,20.0,9.0,,50.0,132,53,17.0,193,144,140,101,61,77,79,2.0,51,17.0,33.0,28.0,,12.0,87,18.0,62,8.0,8.0,6.0,,16.0,112,,,19.0,,22.0,139,332,79,61,71,85,196,52,167,6.0,160,125,92,4.0,31.0,5.0,40,,,66,4.0,12.0,126,,5.0,,11.0,7.0,,13.0,,,4.0,,19.0,19.0,8,,27.0,50,75,31.0,17.0,173,28.0,6.0,38.0,130,86.0,110,,,86,,,,550,4.0,101,400,259,12.0,,,,2.0,,30.0,5.0,11.0,23.0,8.0,34,108,61,158,24,96,16.0,130,2.0,54,22.0,,98,26,30,55,,67,,8.0,2.0,6.0,2.0,,2.0,,4.0,4.0,14.0,9.0,4,45,83,17.0,12.0,9.0,18.0,48.0,18,67,167,171,110,46,,,,,,8.0,2.0,38.0,16.0,119,70,7,24,49,2.0,62,31.0,10.0,33.0,22.0,137,4.0,,9.0,43.0,76,14,71,15,31,37,2.0,,5.0,6.0,,16.0,,,2.0,8.0,2.0,20.0,,5.0,38.0,25,61.0,44,10,16.0,9.0,,71,2.0,85,,134,14.0,69,4.0,22.0,83,8.0,5.0,10.0,48.0,5.0,6.0,4.0,,,6.0,88,32,,,,,2.0,2.0,15.0,16.0,,2.0,,84,202,,
2012-07-01,88,155,98,290,31.0,,11.0,49.0,104,73,5.0,182,223,76,35,101,88,33,,48,13.0,26.0,10.0,,15.0,83,20.0,84,2.0,,6.0,4.0,27.0,111,6.0,,6.0,,17.0,69,314,53,37,85,94,142,50,162,28.0,183,60,67,9.0,21.0,11.0,78,,,114,7.0,23.0,157,,,2.0,8.0,10.0,6.0,10.0,,5.0,,,16.0,6.0,12,,18.0,38,77,5.0,26.0,202,10.0,5.0,29.0,167,15.0,134,,,67,,,2.0,616,2.0,125,406,214,,,,2.0,,18.0,19.0,5.0,,30.0,4.0,92,135,121,153,55,98,9.0,151,20.0,28,42.0,2.0,98,12,35,68,7.0,47,,4.0,,,,2.0,5.0,,5.0,20.0,,16.0,24,76,35,8.0,9.0,10.0,7.0,13.0,53,57,222,244,177,32,,4.0,2.0,4.0,11.0,11.0,15.0,40.0,35.0,108,54,36,36,49,2.0,41,36.0,5.0,46.0,8.0,108,4.0,5.0,20.0,58.0,94,22,62,22,18,29,4.0,,5.0,,,36.0,,,2.0,2.0,6.0,10.0,,17.0,31.0,27,24.0,23,33,22.0,12.0,,73,5.0,100,,130,39.0,115,14.0,13.0,46,7.0,2.0,40.0,18.0,11.0,18.0,,,4.0,8.0,66,105,,,,,2.0,2.0,9.0,2.0,,,4.0,95,141,,5.0
2012-08-01,128,119,142,442,10.0,,2.0,29.0,98,66,13.0,246,180,132,96,66,85,32,,46,13.0,42.0,8.0,9.0,,40,37.0,105,5.0,,9.0,5.0,16.0,85,10.0,,8.0,,22.0,114,276,73,58,81,91,198,53,225,29.0,161,85,83,4.0,22.0,13.0,50,,,106,8.0,38.0,146,,,2.0,,6.0,,5.0,,10.0,,17.0,20.0,6.0,22,,17.0,36,59,24.0,37.0,248,4.0,9.0,92.0,143,56.0,161,2.0,2.0,65,,10.0,5.0,522,,73,456,371,4.0,,,,5.0,4.0,12.0,,19.0,10.0,10.0,65,76,85,203,43,71,24.0,115,35.0,17,17.0,2.0,128,12,39,39,10.0,43,,15.0,5.0,10.0,,2.0,5.0,2.0,2.0,15.0,15.0,8.0,22,56,50,7.0,19.0,16.0,24.0,40.0,54,45,104,139,143,33,,4.0,,,10.0,,15.0,13.0,19.0,124,55,31,35,54,8.0,62,14.0,6.0,17.0,6.0,106,,4.0,20.0,65.0,130,23,59,32,27,32,5.0,,6.0,4.0,,53.0,5.0,2.0,,2.0,4.0,16.0,5.0,9.0,2.0,26,46.0,34,23,30.0,10.0,8.0,56,,120,,110,14.0,146,6.0,20.0,54,24.0,10.0,20.0,32.0,9.0,10.0,,4.0,10.0,5.0,51,88,2.0,4.0,,,11.0,5.0,34.0,12.0,,,,111,74,,
2012-09-01,66,91,101,297,6.0,4.0,,47.0,53,68,10.0,181,167,142,100,106,78,21,,19,10.0,75.0,61.0,,6.0,54,42.0,74,,14.0,,5.0,17.0,92,18.0,6.0,,,,91,213,102,109,91,81,169,49,127,20.0,176,91,126,5.0,17.0,21.0,75,,,108,8.0,18.0,178,,,,5.0,5.0,,6.0,,4.0,,5.0,39.0,,6,2.0,17.0,51,74,21.0,64.0,185,39.0,42.0,18.0,93,73.0,161,8.0,,57,,2.0,5.0,538,2.0,92,485,168,2.0,,,,5.0,4.0,11.0,,11.0,4.0,9.0,58,70,110,159,27,62,8.0,82,18.0,25,30.0,,92,25,20,96,,52,,14.0,10.0,,,5.0,5.0,,8.0,9.0,2.0,12.0,21,63,51,29.0,14.0,2.0,10.0,15.0,28,33,117,123,85,50,,,,,,2.0,,27.0,38.0,88,31,10,10,36,18.0,49,13.0,4.0,63.0,2.0,124,,16.0,6.0,60.0,92,9,60,21,26,34,9.0,2.0,2.0,,,5.0,6.0,2.0,6.0,11.0,,21.0,,24.0,6.0,6,27.0,47,6,12.0,6.0,2.0,58,,83,,99,28.0,129,7.0,20.0,26,23.0,6.0,26.0,13.0,9.0,15.0,,12.0,11.0,6.0,69,90,,5.0,,,31.0,,14.0,12.0,,,,135,120,,
2012-10-01,53,129,96,263,20.0,12.0,,27.0,37,85,4.0,135,167,106,61,79,56,27,,74,6.0,15.0,18.0,,4.0,41,44.0,62,,4.0,4.0,4.0,14.0,136,4.0,10.0,18.0,,13.0,59,285,95,36,58,84,259,76,167,37.0,191,98,108,14.0,23.0,25.0,61,,,81,2.0,25.0,134,,8.0,8.0,5.0,9.0,,10.0,,,2.0,10.0,28.0,7.0,9,2.0,25.0,21,80,22.0,53.0,287,12.0,9.0,33.0,77,60.0,157,,4.0,66,,12.0,5.0,567,4.0,58,470,273,2.0,,5.0,,,2.0,22.0,7.0,5.0,12.0,4.0,62,81,49,134,50,70,46.0,98,9.0,45,30.0,2.0,133,17,26,77,26.0,58,,17.0,,5.0,,,,,2.0,6.0,4.0,4.0,30,40,55,14.0,,2.0,11.0,27.0,12,70,155,125,53,47,2.0,,,,,32.0,12.0,26.0,23.0,80,39,19,38,33,11.0,46,13.0,10.0,53.0,15.0,116,,,13.0,28.0,119,27,51,12,32,17,9.0,,,17.0,6.0,17.0,9.0,5.0,6.0,2.0,2.0,26.0,4.0,10.0,11.0,47,22.0,58,21,30.0,20.0,2.0,58,7.0,69,,106,38.0,121,9.0,6.0,55,23.0,10.0,21.0,42.0,2.0,4.0,,13.0,5.0,6.0,66,105,,,,,12.0,,4.0,27.0,5.0,,2.0,129,157,,
2012-11-01,60,111,99,304,9.0,,4.0,51.0,36,76,11.0,137,147,92,67,83,98,28,,20,2.0,35.0,6.0,,,33,41.0,93,,10.0,31.0,5.0,10.0,117,,,5.0,,9.0,170,277,68,116,64,104,155,38,153,74.0,178,67,67,5.0,23.0,9.0,42,,,122,4.0,19.0,106,,15.0,7.0,11.0,38.0,,18.0,6.0,2.0,2.0,,14.0,11.0,14,,6.0,33,46,,54.0,133,11.0,16.0,48.0,97,38.0,99,2.0,,47,,8.0,4.0,563,,83,299,109,,,,,5.0,4.0,7.0,10.0,6.0,11.0,20.0,82,88,33,96,45,98,35.0,71,21.0,24,19.0,,69,29,32,40,2.0,98,,6.0,,10.0,,,7.0,,2.0,14.0,,2.0,30,57,71,18.0,8.0,5.0,12.0,,58,48,144,103,113,36,5.0,,4.0,4.0,9.0,5.0,13.0,15.0,22.0,121,52,35,11,38,14.0,66,24.0,20.0,42.0,7.0,122,,,6.0,38.0,98,7,42,30,25,4,2.0,4.0,9.0,,,10.0,2.0,,2.0,2.0,6.0,13.0,4.0,6.0,10.0,15,81.0,37,21,8.0,16.0,,73,,79,,142,6.0,119,15.0,21.0,42,25.0,2.0,2.0,39.0,9.0,5.0,,5.0,,10.0,72,59,5.0,,,,18.0,6.0,13.0,26.0,,,4.0,116,164,,5.0
2012-12-01,50,111,68,280,6.0,5.0,16.0,15.0,41,51,19.0,159,134,173,48,143,123,29,,43,16.0,44.0,26.0,,22.0,75,48.0,90,,2.0,,5.0,19.0,187,11.0,,9.0,6.0,28.0,137,274,64,41,86,98,150,82,151,22.0,160,67,182,6.0,16.0,10.0,29,,,82,,13.0,216,,5.0,,18.0,8.0,,20.0,6.0,8.0,11.0,,29.0,4.0,32,14.0,22.0,31,38,14.0,61.0,264,12.0,11.0,47.0,95,63.0,186,5.0,5.0,47,,12.0,,457,6.0,60,292,175,,,4.0,,,4.0,15.0,2.0,2.0,6.0,4.0,36,91,43,191,49,78,26.0,66,10.0,34,22.0,8.0,118,17,20,56,2.0,30,,11.0,,5.0,,,11.0,2.0,2.0,2.0,7.0,8.0,37,92,53,23.0,24.0,8.0,12.0,41.0,38,64,159,120,191,44,,,,4.0,,2.0,10.0,8.0,18.0,107,56,34,30,33,20.0,39,23.0,13.0,24.0,40.0,107,,9.0,5.0,24.0,132,8,72,18,14,23,14.0,,2.0,9.0,9.0,12.0,7.0,6.0,7.0,,,25.0,17.0,5.0,10.0,48,45.0,61,16,19.0,8.0,,70,,100,2.0,107,10.0,128,14.0,14.0,54,11.0,,14.0,16.0,8.0,12.0,,16.0,,8.0,77,78,,,,,20.0,,10.0,18.0,,,6.0,100,136,,2.0
2013-01-01,62,134,101,209,7.0,,8.0,32.0,62,71,4.0,166,161,139,40,109,117,35,9.0,17,13.0,18.0,37.0,,,48,49.0,145,,8.0,19.0,,10.0,127,8.0,,2.0,6.0,25.0,109,377,57,46,104,101,141,60,149,31.0,167,100,110,17.0,23.0,2.0,43,,,140,5.0,26.0,162,10.0,4.0,11.0,,11.0,,32.0,,19.0,,5.0,50.0,2.0,11,6.0,7.0,24,81,7.0,19.0,267,26.0,20.0,37.0,105,70.0,87,,,63,,2.0,4.0,533,,118,329,267,,,6.0,,,,10.0,6.0,16.0,6.0,,56,76,33,167,56,84,9.0,61,30.0,14,35.0,4.0,145,24,55,73,4.0,48,10.0,14.0,2.0,,,,,2.0,9.0,13.0,,12.0,41,100,39,13.0,27.0,17.0,13.0,10.0,47,77,188,205,123,71,,5.0,5.0,4.0,5.0,18.0,6.0,18.0,42.0,83,38,24,28,80,21.0,35,20.0,4.0,53.0,12.0,111,,7.0,,39.0,108,14,31,36,50,6,2.0,,9.0,,,29.0,,,12.0,12.0,,18.0,5.0,12.0,2.0,44,61.0,46,4,16.0,2.0,4.0,63,,99,4.0,81,31.0,125,11.0,8.0,60,33.0,7.0,8.0,49.0,8.0,10.0,,,,22.0,47,57,,,,,9.0,4.0,11.0,14.0,,,,90,129,,5.0
2013-02-01,60,51,105,208,21.0,,,38.0,47,21,9.0,119,125,55,48,97,59,15,,24,22.0,19.0,28.0,,,42,39.0,74,2.0,2.0,14.0,5.0,18.0,105,7.0,,2.0,6.0,25.0,114,306,82,37,60,50,226,37,122,12.0,145,95,82,16.0,27.0,8.0,35,,,65,,13.0,129,,4.0,31.0,5.0,12.0,,4.0,,10.0,5.0,,28.0,8.0,21,,8.0,32,57,4.0,,158,10.0,,27.0,68,38.0,51,5.0,6.0,39,,2.0,,516,8.0,46,330,131,2.0,,9.0,,2.0,,2.0,,6.0,8.0,4.0,68,70,51,152,64,26,8.0,24,11.0,4,18.0,,99,6,8,73,,62,,10.0,,,,,,,2.0,10.0,,,28,54,56,6.0,14.0,2.0,,7.0,25,70,146,54,82,34,4.0,,,,,8.0,12.0,13.0,29.0,60,40,20,33,37,,28,2.0,10.0,17.0,14.0,79,,14.0,,21.0,96,18,14,12,22,18,6.0,2.0,7.0,2.0,,20.0,,,2.0,6.0,,12.0,,11.0,10.0,17,34.0,68,6,2.0,6.0,10.0,41,,84,,81,6.0,92,8.0,10.0,53,,,,27.0,,6.0,,4.0,2.0,14.0,62,30,,,,,2.0,10.0,,20.0,,,5.0,80,115,,
2013-03-01,59,93,98,237,14.0,5.0,5.0,34.0,33,19,15.0,118,164,64,47,74,80,24,10.0,63,4.0,25.0,31.0,,4.0,49,35.0,58,,,,,32.0,95,11.0,2.0,9.0,,12.0,65,253,44,26,45,76,91,48,204,22.0,108,62,22,7.0,28.0,5.0,36,,,77,,27.0,127,5.0,15.0,5.0,,5.0,,8.0,,10.0,,5.0,13.0,10.0,4,7.0,23.0,25,61,8.0,15.0,186,4.0,14.0,31.0,61,20.0,93,,,71,,2.0,4.0,498,2.0,83,359,134,6.0,7.0,,6.0,,2.0,42.0,,5.0,,4.0,75,120,24,155,29,62,,95,22.0,37,17.0,2.0,110,20,32,69,,64,,20.0,,2.0,,2.0,,,4.0,12.0,11.0,2.0,23,58,66,18.0,10.0,38.0,19.0,18.0,53,50,106,123,88,19,,,,,,2.0,5.0,25.0,25.0,70,33,20,34,29,17.0,23,16.0,12.0,14.0,8.0,80,2.0,13.0,6.0,16.0,124,8,69,27,12,28,12.0,2.0,9.0,5.0,,,2.0,,6.0,,,18.0,7.0,14.0,15.0,10,105.0,40,28,,19.0,7.0,18,4.0,119,,97,6.0,124,15.0,7.0,38,6.0,2.0,5.0,31.0,4.0,,,6.0,,10.0,63,24,,,,,7.0,,2.0,38.0,,,,42,99,,
2013-04-01,101,115,119,311,14.0,5.0,2.0,41.0,30,60,2.0,95,172,51,87,87,71,37,10.0,60,12.0,8.0,30.0,,17.0,64,6.0,76,,,,4.0,18.0,59,10.0,,7.0,,19.0,57,198,32,37,50,84,106,69,123,25.0,119,94,41,6.0,33.0,14.0,74,,,32,,38.0,138,8.0,2.0,2.0,,5.0,,6.0,,5.0,,4.0,45.0,5.0,2,5.0,17.0,29,95,5.0,24.0,126,12.0,9.0,38.0,118,32.0,76,,,53,2.0,9.0,2.0,513,,82,368,199,14.0,2.0,6.0,,,4.0,7.0,,6.0,2.0,4.0,42,73,56,187,53,79,18.0,87,22.0,26,21.0,8.0,89,16,34,38,,55,,2.0,,2.0,,,2.0,,8.0,6.0,10.0,,12,115,58,36.0,23.0,,14.0,13.0,21,52,92,119,160,37,,2.0,,,,5.0,,12.0,27.0,48,36,13,36,21,12.0,45,14.0,,21.0,15.0,102,2.0,6.0,20.0,24.0,89,16,61,25,20,12,4.0,5.0,7.0,,,23.0,,,2.0,14.0,,24.0,,8.0,7.0,28,67.0,27,25,6.0,12.0,,47,,80,2.0,123,17.0,136,,18.0,44,23.0,7.0,19.0,40.0,4.0,17.0,,,2.0,4.0,48,30,,,,,25.0,,4.0,24.0,,,,113,138,,5.0
2013-05-01,78,175,133,288,2.0,2.0,,48.0,41,31,19.0,177,239,114,89,83,83,57,5.0,38,18.0,12.0,16.0,2.0,10.0,84,30.0,70,6.0,2.0,12.0,,5.0,92,2.0,7.0,12.0,,38.0,81,341,53,93,122,49,240,96,227,38.0,160,61,45,10.0,35.0,10.0,68,,8.0,68,,,155,,12.0,,10.0,5.0,5.0,25.0,,5.0,2.0,7.0,23.0,5.0,22,,22.0,50,40,14.0,26.0,217,5.0,18.0,66.0,121,49.0,116,5.0,,71,8.0,7.0,,558,,129,488,189,,9.0,10.0,,,17.0,10.0,16.0,17.0,13.0,20.0,86,129,64,198,55,67,6.0,109,24.0,16,19.0,4.0,120,14,10,56,14.0,67,,18.0,9.0,,,2.0,,2.0,14.0,8.0,8.0,,16,123,97,20.0,29.0,28.0,6.0,9.0,40,70,192,154,175,46,2.0,,,,,,14.0,56.0,26.0,70,14,55,27,44,2.0,33,9.0,20.0,11.0,6.0,81,,18.0,10.0,23.0,116,17,36,27,25,26,2.0,8.0,,5.0,,37.0,,,,7.0,6.0,10.0,4.0,10.0,18.0,22,47.0,64,16,22.0,10.0,,33,10.0,106,,103,12.0,197,11.0,21.0,40,15.0,2.0,8.0,25.0,5.0,9.0,,8.0,9.0,14.0,51,77,,,,,2.0,8.0,9.0,17.0,,,5.0,44,133,,
2013-06-01,73,143,84,302,15.0,18.0,10.0,25.0,73,41,31.0,176,129,106,73,56,60,41,,32,11.0,22.0,19.0,,28.0,64,27.0,88,8.0,,4.0,4.0,34.0,65,9.0,,11.0,,28.0,111,352,52,78,39,83,179,93,248,22.0,176,55,62,9.0,16.0,16.0,83,,,111,5.0,2.0,162,,4.0,18.0,,7.0,,10.0,,,,4.0,24.0,15.0,11,5.0,24.0,57,54,10.0,20.0,136,7.0,39.0,13.0,168,70.0,70,,,61,,2.0,7.0,521,2.0,102,552,164,,,4.0,,,4.0,13.0,4.0,10.0,22.0,13.0,82,103,115,158,58,44,36.0,66,35.0,42,5.0,,159,20,47,68,5.0,61,5.0,16.0,,6.0,,2.0,2.0,,,6.0,2.0,5.0,22,50,61,16.0,17.0,7.0,15.0,39.0,34,105,178,142,163,36,,,,,,9.0,9.0,50.0,31.0,44,34,27,45,28,19.0,32,34.0,18.0,48.0,14.0,79,,10.0,15.0,23.0,119,10,38,32,32,37,8.0,,13.0,5.0,,,,,,6.0,2.0,6.0,2.0,,26.0,26,23.0,27,16,44.0,8.0,,62,2.0,59,5.0,100,15.0,135,2.0,13.0,50,25.0,8.0,12.0,12.0,2.0,8.0,,2.0,,2.0,90,44,4.0,,,,6.0,10.0,38.0,4.0,,,5.0,82,98,,
2013-07-01,127,208,95,354,,12.0,,39.0,33,50,14.0,138,129,116,64,121,94,14,2.0,43,,38.0,7.0,,11.0,49,22.0,62,5.0,,2.0,,6.0,102,,,4.0,,24.0,79,289,55,51,47,49,159,78,174,20.0,213,67,139,22.0,4.0,6.0,39,,,70,6.0,15.0,188,5.0,4.0,14.0,2.0,33.0,,20.0,10.0,7.0,2.0,,28.0,12.0,21,,9.0,39,55,18.0,64.0,232,20.0,2.0,23.0,162,53.0,136,2.0,,50,2.0,6.0,2.0,645,8.0,122,484,214,12.0,8.0,4.0,,,6.0,5.0,4.0,9.0,28.0,13.0,77,72,64,115,64,51,22.0,88,43.0,23,44.0,7.0,69,16,33,58,4.0,47,,17.0,,,,,,,5.0,14.0,8.0,,21,85,89,12.0,22.0,12.0,26.0,40.0,33,75,204,103,118,43,,,,,12.0,6.0,,25.0,45.0,72,73,19,32,69,16.0,26,42.0,21.0,20.0,20.0,64,4.0,5.0,8.0,15.0,104,29,58,43,33,37,8.0,,,10.0,,5.0,7.0,,2.0,28.0,,14.0,,2.0,4.0,53,46.0,54,15,22.0,4.0,,28,,87,7.0,103,24.0,136,30.0,18.0,26,16.0,,8.0,45.0,2.0,4.0,,4.0,,6.0,76,83,,,,,5.0,17.0,8.0,6.0,2.0,,,75,195,,
2013-08-01,70,163,114,407,8.0,2.0,5.0,17.0,40,47,5.0,137,167,93,50,119,85,48,5.0,29,20.0,15.0,13.0,,14.0,32,22.0,72,8.0,8.0,4.0,,9.0,36,,,7.0,,16.0,110,245,55,40,37,45,115,35,252,30.0,143,78,62,4.0,14.0,10.0,48,,,72,,10.0,179,,,4.0,2.0,13.0,,12.0,,7.0,,,40.0,2.0,28,6.0,15.0,21,104,,18.0,164,12.0,6.0,17.0,79,71.0,108,,2.0,74,,,,766,,83,413,199,,,2.0,,5.0,2.0,14.0,7.0,26.0,22.0,2.0,50,94,53,136,26,69,16.0,117,35.0,28,17.0,,78,12,30,68,2.0,48,,10.0,,6.0,,,,2.0,5.0,16.0,,2.0,33,77,74,25.0,9.0,,7.0,23.0,50,100,149,151,137,31,,2.0,,,,2.0,,17.0,63.0,89,34,18,35,34,2.0,47,10.0,16.0,38.0,14.0,69,,,2.0,46.0,89,10,56,36,23,11,8.0,2.0,13.0,9.0,2.0,11.0,6.0,2.0,,5.0,4.0,19.0,,14.0,9.0,25,28.0,27,19,18.0,14.0,,103,2.0,98,,162,6.0,147,16.0,6.0,23,19.0,16.0,38.0,16.0,14.0,16.0,,2.0,,14.0,39,76,2.0,5.0,,,7.0,7.0,25.0,16.0,,,4.0,84,135,,5.0
2013-09-01,59,144,58,259,10.0,,5.0,27.0,45,69,17.0,185,145,40,71,100,61,18,,18,8.0,,32.0,4.0,21.0,53,24.0,93,,4.0,17.0,,10.0,69,,,27.0,9.0,34.0,115,236,42,30,67,90,203,45,268,12.0,105,105,87,2.0,13.0,20.0,70,,,138,,18.0,227,5.0,2.0,11.0,,7.0,,21.0,2.0,,2.0,5.0,22.0,10.0,6,,6.0,36,100,19.0,50.0,193,14.0,12.0,8.0,163,79.0,89,,,40,2.0,12.0,15.0,655,,127,465,188,6.0,,6.0,7.0,10.0,4.0,8.0,4.0,10.0,6.0,8.0,62,87,64,156,39,52,20.0,89,27.0,32,17.0,,87,24,36,77,,36,4.0,14.0,5.0,,2.0,,,2.0,5.0,31.0,7.0,,9,50,67,6.0,34.0,15.0,,14.0,29,63,135,112,177,78,5.0,,2.0,,,4.0,5.0,45.0,39.0,102,36,16,20,30,,15,6.0,18.0,25.0,12.0,85,,,2.0,,144,8,66,26,36,19,6.0,,7.0,7.0,,,2.0,,8.0,2.0,,12.0,,5.0,12.0,65,24.0,22,19,12.0,14.0,,30,,81,,122,29.0,137,19.0,14.0,52,14.0,,,34.0,6.0,8.0,,14.0,10.0,2.0,37,65,,,,,7.0,4.0,5.0,27.0,,2.0,,118,133,,
2013-10-01,61,153,89,241,5.0,8.0,5.0,53.0,34,58,6.0,184,160,47,68,109,94,18,,23,,11.0,28.0,4.0,12.0,46,50.0,79,,,11.0,,15.0,95,5.0,,27.0,,14.0,95,250,116,57,81,56,172,74,221,14.0,103,92,45,,34.0,,69,,2.0,110,11.0,15.0,152,2.0,5.0,11.0,5.0,,,2.0,,,,5.0,17.0,9.0,10,2.0,11.0,26,39,5.0,13.0,150,12.0,9.0,13.0,190,77.0,71,,,72,,8.0,,568,,80,359,301,9.0,5.0,8.0,,4.0,,18.0,2.0,17.0,10.0,,65,58,34,139,72,60,10.0,94,12.0,14,26.0,8.0,70,35,35,59,2.0,50,,6.0,7.0,,,5.0,,,5.0,8.0,5.0,6.0,25,48,75,19.0,43.0,21.0,5.0,19.0,47,34,123,133,128,51,,,,,2.0,,5.0,21.0,6.0,65,27,14,31,33,4.0,47,2.0,21.0,9.0,43.0,43,,15.0,6.0,17.0,96,8,44,34,39,10,4.0,7.0,,,8.0,20.0,,,10.0,9.0,,6.0,,,21.0,47,13.0,68,6,19.0,10.0,2.0,51,,35,,148,10.0,99,7.0,7.0,27,16.0,4.0,9.0,17.0,5.0,4.0,,2.0,4.0,8.0,34,62,,,,,6.0,20.0,17.0,22.0,5.0,,,111,180,,
2013-11-01,67,134,87,245,2.0,5.0,,53.0,23,40,8.0,128,126,87,39,105,59,26,,13,4.0,31.0,15.0,2.0,11.0,37,38.0,59,,5.0,6.0,,17.0,94,5.0,,11.0,,4.0,73,246,59,103,65,81,238,38,166,10.0,145,110,30,2.0,15.0,23.0,44,,,91,10.0,35.0,84,,5.0,14.0,11.0,8.0,,8.0,11.0,,,,14.0,6.0,10,9.0,7.0,8,66,8.0,23.0,116,24.0,14.0,15.0,118,67.0,126,,2.0,80,2.0,4.0,,539,6.0,64,500,170,2.0,,,7.0,,2.0,16.0,28.0,12.0,5.0,6.0,69,65,44,99,34,92,5.0,68,46.0,26,22.0,2.0,88,35,34,44,5.0,51,2.0,4.0,4.0,2.0,5.0,5.0,,,,4.0,2.0,5.0,17,24,73,17.0,38.0,12.0,4.0,13.0,30,45,133,133,69,33,,,,,,8.0,7.0,45.0,21.0,82,22,8,28,31,15.0,29,9.0,2.0,24.0,4.0,72,,16.0,8.0,16.0,92,18,24,24,19,10,,,,7.0,,12.0,2.0,,5.0,4.0,,24.0,2.0,5.0,,39,16.0,35,12,16.0,16.0,2.0,29,,34,,114,16.0,109,4.0,12.0,32,14.0,8.0,6.0,19.0,2.0,2.0,,6.0,,9.0,37,28,,,,,14.0,8.0,5.0,20.0,,,,57,94,,
2013-12-01,56,179,82,286,10.0,10.0,,72.0,70,37,13.0,194,169,70,115,74,63,30,,32,17.0,25.0,34.0,6.0,15.0,44,31.0,132,5.0,2.0,24.0,,18.0,99,5.0,,14.0,2.0,22.0,77,230,63,63,19,33,162,56,173,8.0,136,81,65,,21.0,22.0,59,,,73,,14.0,179,10.0,5.0,16.0,5.0,4.0,,14.0,,5.0,,,32.0,25.0,4,6.0,26.0,46,39,,30.0,168,13.0,24.0,20.0,104,54.0,156,8.0,2.0,72,,12.0,10.0,505,4.0,91,295,190,,,,5.0,,4.0,8.0,12.0,2.0,4.0,5.0,55,82,59,123,36,81,11.0,81,17.0,39,57.0,,51,34,12,64,4.0,63,,9.0,2.0,5.0,,,,,,8.0,,4.0,33,32,92,16.0,35.0,15.0,10.0,14.0,45,86,143,90,137,49,2.0,5.0,8.0,,,8.0,5.0,45.0,27.0,68,22,15,40,16,6.0,34,20.0,29.0,11.0,28.0,63,,5.0,9.0,18.0,107,6,39,50,23,5,2.0,,25.0,,,16.0,4.0,,4.0,2.0,4.0,30.0,,25.0,6.0,18,34.0,38,8,14.0,10.0,,86,,82,,107,15.0,179,7.0,12.0,33,23.0,4.0,,24.0,,14.0,5.0,12.0,,8.0,54,54,,,,,20.0,11.0,4.0,7.0,,,,108,144,,
2014-01-01,53,126,57,245,19.0,6.0,,22.0,54,23,,198,208,130,49,107,58,33,2.0,26,10.0,12.0,15.0,,19.0,32,18.0,83,,2.0,4.0,2.0,2.0,81,15.0,,,5.0,7.0,91,260,63,70,73,69,199,47,151,15.0,92,57,41,12.0,24.0,26.0,33,,,125,5.0,12.0,129,2.0,11.0,9.0,,5.0,5.0,,,,4.0,,37.0,10.0,12,5.0,19.0,27,59,11.0,27.0,194,2.0,8.0,33.0,57,56.0,134,,,56,,6.0,4.0,483,2.0,126,290,123,,,,7.0,4.0,,18.0,,9.0,16.0,7.0,71,54,23,56,60,94,9.0,76,29.0,27,16.0,,85,29,22,57,2.0,36,,20.0,,,12.0,,,,5.0,20.0,,,19,33,18,2.0,29.0,39.0,17.0,25.0,18,70,151,80,141,76,6.0,4.0,,,5.0,5.0,5.0,38.0,23.0,95,47,24,21,34,10.0,41,24.0,2.0,27.0,20.0,104,,8.0,15.0,2.0,113,7,23,24,38,19,24.0,,,5.0,,19.0,2.0,5.0,,,2.0,4.0,,4.0,7.0,25,17.0,13,6,10.0,8.0,5.0,92,2.0,53,,114,4.0,95,5.0,,22,12.0,,16.0,13.0,9.0,5.0,,8.0,2.0,10.0,31,80,,,,,5.0,2.0,,9.0,,,,82,132,,
2014-02-01,71,100,62,265,25.0,,,24.0,23,11,,133,85,83,40,51,60,31,,26,11.0,10.0,26.0,,10.0,60,38.0,58,,,,,4.0,34,,,10.0,,4.0,73,186,27,45,58,10,73,40,145,26.0,101,62,42,,13.0,6.0,45,,,52,12.0,13.0,140,,,,,,5.0,5.0,,,,,26.0,5.0,8,6.0,16.0,26,52,16.0,23.0,130,10.0,15.0,9.0,95,86.0,41,,,68,5.0,6.0,,513,,68,281,152,6.0,5.0,9.0,,,,10.0,,,,10.0,46,43,21,84,31,71,14.0,40,4.0,6,20.0,7.0,114,18,12,67,5.0,61,,2.0,,,5.0,,,,,21.0,13.0,,13,10,69,9.0,21.0,8.0,7.0,4.0,32,67,97,59,127,65,,,4.0,,,,10.0,14.0,9.0,84,22,26,31,39,11.0,15,10.0,10.0,,2.0,71,,8.0,4.0,6.0,77,8,36,19,14,14,10.0,,2.0,,,,,5.0,6.0,2.0,,,,15.0,8.0,13,16.0,51,12,4.0,12.0,,55,,47,,97,5.0,62,2.0,2.0,41,4.0,5.0,,44.0,4.0,11.0,,,,,50,36,,,,,,12.0,4.0,13.0,,,,40,133,,2.0
2014-03-01,73,140,42,150,2.0,,,40.0,27,39,16.0,153,168,83,30,57,101,33,,27,6.0,36.0,14.0,,,38,53.0,63,,,9.0,6.0,2.0,72,2.0,,,,2.0,54,190,53,43,38,54,125,45,141,17.0,118,96,68,6.0,29.0,4.0,56,,,100,,6.0,125,5.0,,4.0,,,,6.0,5.0,11.0,2.0,2.0,16.0,10.0,20,,16.0,48,39,13.0,7.0,236,17.0,8.0,25.0,77,70.0,80,,,82,,15.0,,479,2.0,91,336,123,,,5.0,,4.0,,24.0,5.0,,7.0,2.0,27,67,37,73,44,116,11.0,100,22.0,24,43.0,8.0,68,18,36,87,,63,,,,,,,4.0,2.0,,10.0,6.0,2.0,4,46,70,11.0,,12.0,12.0,16.0,20,34,153,62,106,38,,,5.0,,,,,7.0,30.0,67,63,27,34,42,6.0,8,,,24.0,12.0,89,,5.0,10.0,18.0,96,18,37,22,32,10,14.0,2.0,2.0,5.0,6.0,23.0,,,7.0,6.0,,20.0,,5.0,7.0,33,18.0,16,32,10.0,4.0,,38,5.0,42,,107,25.0,43,24.0,2.0,64,15.0,32.0,14.0,6.0,11.0,16.0,,11.0,12.0,12.0,48,79,,,6.0,,8.0,10.0,4.0,18.0,,,,75,96,,
2014-04-01,38,91,50,208,2.0,,,42.0,20,28,2.0,150,222,62,68,81,79,34,,32,8.0,8.0,27.0,,,33,20.0,36,,8.0,4.0,,2.0,64,5.0,2.0,12.0,,24.0,59,257,48,70,60,74,118,42,127,19.0,141,148,54,,20.0,12.0,37,,6.0,93,,20.0,174,,5.0,19.0,2.0,6.0,,18.0,4.0,6.0,,,46.0,5.0,4,,14.0,34,47,8.0,18.0,132,13.0,6.0,31.0,112,103.0,104,4.0,2.0,64,,6.0,5.0,554,2.0,80,397,200,,2.0,,,6.0,8.0,19.0,,5.0,20.0,2.0,44,87,56,118,24,42,35.0,62,21.0,37,7.0,2.0,66,24,17,84,2.0,31,2.0,18.0,,5.0,,,2.0,,2.0,,,2.0,10,30,70,4.0,5.0,11.0,10.0,14.0,33,45,141,134,165,67,,2.0,,,,9.0,12.0,2.0,6.0,74,53,43,28,54,4.0,24,14.0,16.0,14.0,14.0,92,,10.0,9.0,22.0,86,19,54,26,34,8,10.0,,,9.0,,4.0,2.0,,8.0,2.0,,28.0,2.0,25.0,10.0,37,10.0,59,17,23.0,12.0,,60,,67,,96,15.0,83,2.0,34.0,44,7.0,6.0,7.0,14.0,4.0,4.0,5.0,6.0,,5.0,33,32,,,,,,5.0,13.0,11.0,,,,93,110,,
2014-05-01,34,67,70,215,12.0,4.0,,25.0,16,21,6.0,254,135,85,60,114,95,36,15.0,37,31.0,,48.0,,16.0,40,28.0,88,,5.0,16.0,5.0,12.0,83,5.0,8.0,25.0,8.0,14.0,92,252,32,58,53,59,137,78,118,20.0,97,119,55,,20.0,13.0,65,,8.0,147,2.0,26.0,127,,4.0,10.0,,4.0,,2.0,,6.0,,,36.0,,4,5.0,8.0,28,74,4.0,46.0,144,15.0,10.0,18.0,96,52.0,99,,2.0,85,4.0,8.0,,523,,88,446,186,6.0,,4.0,,,,15.0,,8.0,38.0,7.0,50,125,110,160,22,70,14.0,87,18.0,16,15.0,5.0,69,22,22,51,,73,5.0,4.0,,,,,,,,2.0,10.0,2.0,20,14,47,2.0,13.0,8.0,2.0,33.0,21,81,135,127,94,48,,,,,2.0,,19.0,6.0,30.0,46,35,56,21,41,6.0,43,20.0,7.0,8.0,4.0,98,,,10.0,12.0,76,28,40,32,21,4,4.0,5.0,,4.0,,17.0,,,,6.0,4.0,8.0,,6.0,2.0,24,8.0,18,24,2.0,6.0,,21,,65,,68,6.0,66,2.0,24.0,11,24.0,2.0,8.0,14.0,2.0,7.0,2.0,2.0,,4.0,40,40,,,,,4.0,2.0,5.0,4.0,,,2.0,109,181,,
2014-06-01,48,112,111,255,30.0,7.0,,72.0,64,26,,135,202,112,51,60,124,51,,34,14.0,12.0,7.0,,,24,22.0,35,,,22.0,,2.0,83,4.0,,5.0,9.0,2.0,50,264,40,96,69,47,85,42,170,16.0,147,120,78,,57.0,25.0,55,,,49,,14.0,128,2.0,,,,7.0,,9.0,8.0,,,5.0,30.0,4.0,2,,4.0,36,75,17.0,51.0,131,8.0,15.0,25.0,90,86.0,102,,4.0,62,,4.0,29.0,729,,94,441,146,2.0,,2.0,,2.0,,16.0,,31.0,5.0,4.0,42,134,74,147,47,87,6.0,92,23.0,24,11.0,11.0,103,20,25,35,6.0,90,,28.0,,4.0,,,,,,5.0,4.0,8.0,15,55,49,18.0,17.0,16.0,16.0,25.0,26,51,149,103,110,28,5.0,,,,,6.0,,10.0,18.0,115,55,28,25,46,7.0,59,21.0,7.0,30.0,10.0,162,,16.0,13.0,20.0,98,15,48,20,30,6,12.0,,,8.0,,6.0,2.0,,,6.0,2.0,17.0,,10.0,4.0,73,18.0,48,16,9.0,6.0,2.0,74,,55,,89,35.0,133,4.0,6.0,17,15.0,4.0,26.0,9.0,2.0,9.0,2.0,6.0,2.0,16.0,68,112,,,,,15.0,8.0,2.0,6.0,2.0,,,120,118,,
2014-07-01,33,133,117,328,31.0,,2.0,35.0,92,60,2.0,176,176,150,79,109,81,60,2.0,10,10.0,13.0,5.0,,26.0,66,34.0,81,4.0,,2.0,,14.0,126,22.0,2.0,12.0,,8.0,55,222,54,76,29,74,147,104,191,10.0,146,92,82,9.0,77.0,30.0,91,,,108,12.0,27.0,141,,10.0,14.0,,,,14.0,,7.0,6.0,,33.0,8.0,13,,12.0,77,39,10.0,23.0,143,2.0,16.0,13.0,115,74.0,187,,2.0,60,,,,751,,80,465,117,5.0,,,7.0,,2.0,2.0,8.0,10.0,2.0,,37,115,63,204,64,77,4.0,52,23.0,41,10.0,2.0,145,34,47,71,9.0,50,,2.0,4.0,2.0,,4.0,,,8.0,4.0,7.0,,23,66,83,,27.0,22.0,4.0,15.0,56,63,110,126,135,29,,,,,2.0,6.0,,26.0,31.0,75,69,27,15,33,11.0,25,18.0,13.0,4.0,22.0,98,,6.0,7.0,39.0,110,27,52,45,49,8,20.0,,5.0,2.0,2.0,19.0,2.0,,8.0,,4.0,11.0,,,9.0,37,57.0,24,34,15.0,18.0,,74,2.0,64,7.0,123,14.0,92,13.0,2.0,49,5.0,9.0,13.0,29.0,2.0,6.0,,,6.0,10.0,74,55,,,,,28.0,24.0,21.0,10.0,,,,127,208,,5.0
2014-08-01,54,111,67,312,18.0,,,25.0,51,16,22.0,148,174,121,86,139,91,19,2.0,32,4.0,11.0,14.0,2.0,,39,41.0,111,14.0,4.0,9.0,,4.0,72,10.0,2.0,5.0,6.0,8.0,77,259,91,55,49,75,86,57,173,34.0,171,80,108,8.0,48.0,16.0,81,,4.0,77,2.0,42.0,160,6.0,6.0,22.0,2.0,,,5.0,4.0,11.0,5.0,2.0,11.0,,10,,23.0,16,70,7.0,50.0,160,6.0,14.0,27.0,149,57.0,145,2.0,4.0,82,2.0,6.0,,697,2.0,111,437,151,,,,,,,6.0,4.0,4.0,9.0,9.0,40,96,74,128,31,48,49.0,61,29.0,28,10.0,,109,20,30,89,5.0,64,,6.0,,13.0,,4.0,2.0,,2.0,6.0,2.0,,9,19,42,14.0,10.0,6.0,15.0,24.0,32,78,108,66,152,52,,,,5.0,2.0,7.0,5.0,14.0,26.0,120,54,21,17,63,16.0,16,17.0,15.0,,20.0,76,,,2.0,26.0,82,10,45,8,16,17,,2.0,5.0,5.0,,16.0,8.0,,14.0,6.0,2.0,6.0,,9.0,22.0,56,57.0,39,2,7.0,10.0,2.0,55,2.0,81,,116,21.0,70,6.0,8.0,22,8.0,16.0,,14.0,4.0,10.0,,10.0,6.0,,54,141,,4.0,,,15.0,8.0,11.0,28.0,,5.0,5.0,80,133,,
2014-09-01,57,84,53,264,29.0,9.0,4.0,43.0,39,47,33.0,204,202,118,83,109,66,42,,15,13.0,,18.0,,22.0,48,36.0,113,,,,,2.0,94,12.0,4.0,4.0,4.0,20.0,71,230,92,81,73,73,102,54,230,20.0,151,123,88,10.0,68.0,,41,,,75,,15.0,98,16.0,9.0,8.0,,4.0,,23.0,2.0,,2.0,5.0,28.0,6.0,4,,25.0,29,57,17.0,4.0,170,28.0,7.0,32.0,121,52.0,70,,,45,,8.0,7.0,703,2.0,138,429,230,2.0,,,8.0,,,12.0,,5.0,21.0,4.0,39,97,60,145,23,117,14.0,93,20.0,46,17.0,,171,15,20,62,,43,5.0,2.0,5.0,14.0,6.0,5.0,2.0,,,4.0,4.0,4.0,7,50,32,5.0,34.0,17.0,7.0,38.0,55,28,176,122,152,46,,4.0,15.0,,,4.0,,14.0,47.0,56,30,57,39,87,20.0,51,21.0,8.0,20.0,4.0,48,,18.0,12.0,22.0,76,18,32,12,30,9,7.0,5.0,11.0,,2.0,16.0,4.0,6.0,6.0,,2.0,9.0,,12.0,11.0,65,18.0,54,9,4.0,6.0,,76,4.0,104,,117,13.0,74,14.0,19.0,47,28.0,14.0,21.0,46.0,4.0,,,,4.0,12.0,82,45,,,,,7.0,13.0,5.0,8.0,,,13.0,69,149,,2.0
2014-10-01,64,116,85,252,6.0,7.0,,62.0,52,28,17.0,216,161,85,46,90,71,22,8.0,37,12.0,,27.0,13.0,18.0,54,20.0,61,2.0,,4.0,,2.0,106,2.0,6.0,,2.0,22.0,80,243,93,111,42,68,99,108,169,12.0,232,81,39,2.0,61.0,6.0,25,,,104,,36.0,164,,6.0,,,29.0,,6.0,,6.0,,,16.0,6.0,6,11.0,8.0,22,89,,20.0,169,2.0,19.0,15.0,181,74.0,104,,2.0,68,,10.0,2.0,522,10.0,109,418,168,7.0,,,,,8.0,4.0,,5.0,10.0,4.0,59,122,38,117,45,85,34.0,73,25.0,10,19.0,4.0,116,24,19,58,2.0,56,,6.0,,,,2.0,,,2.0,6.0,,7.0,19,52,51,29.0,26.0,14.0,4.0,26.0,70,53,185,118,215,43,2.0,12.0,,,,8.0,19.0,13.0,36.0,50,56,24,10,57,18.0,20,15.0,33.0,9.0,6.0,72,,2.0,5.0,2.0,88,19,42,21,29,24,,,7.0,12.0,,14.0,,7.0,4.0,11.0,2.0,18.0,5.0,22.0,6.0,55,11.0,18,29,22.0,22.0,,57,,76,,125,13.0,105,21.0,4.0,70,12.0,7.0,23.0,14.0,14.0,7.0,,8.0,7.0,10.0,63,46,,,,,4.0,7.0,7.0,27.0,,,6.0,46,100,,
2014-11-01,83,80,68,225,10.0,21.0,,33.0,62,42,14.0,156,155,61,60,151,129,46,,28,18.0,10.0,2.0,,5.0,30,33.0,83,2.0,6.0,2.0,5.0,10.0,97,15.0,,,5.0,15.0,73,364,88,96,23,65,111,83,214,13.0,188,106,118,18.0,30.0,35.0,83,,8.0,51,,22.0,141,12.0,4.0,11.0,10.0,7.0,,,,8.0,,2.0,12.0,8.0,16,7.0,15.0,20,77,4.0,33.0,245,35.0,18.0,23.0,135,83.0,84,2.0,2.0,46,6.0,2.0,5.0,666,,86,431,138,2.0,,4.0,,,,,,,2.0,2.0,61,126,53,230,56,100,33.0,64,33.0,22,8.0,5.0,87,14,31,78,4.0,46,,7.0,,,,,4.0,,2.0,23.0,2.0,,16,35,77,12.0,30.0,18.0,5.0,38.0,44,66,106,127,145,67,,,4.0,,,,,16.0,18.0,117,42,57,10,43,26.0,35,13.0,16.0,18.0,6.0,109,,24.0,5.0,31.0,113,8,30,24,20,7,11.0,4.0,,4.0,5.0,2.0,14.0,,,2.0,2.0,12.0,,19.0,15.0,8,13.0,19,14,21.0,16.0,5.0,63,2.0,110,,104,19.0,79,20.0,4.0,25,8.0,,10.0,22.0,,6.0,,,,8.0,55,45,,,,,20.0,20.0,17.0,4.0,,4.0,2.0,99,137,,
2014-12-01,85,72,106,247,,,,29.0,60,79,20.0,196,135,129,39,90,122,49,10.0,47,18.0,10.0,21.0,,7.0,71,40.0,151,,,12.0,,18.0,138,,2.0,17.0,2.0,19.0,101,243,72,84,68,83,114,25,136,24.0,138,149,50,2.0,25.0,18.0,66,,,106,20.0,16.0,204,,8.0,12.0,,,5.0,22.0,,,,,40.0,6.0,21,,19.0,22,58,9.0,46.0,160,7.0,16.0,20.0,64,88.0,150,,5.0,62,2.0,5.0,6.0,673,2.0,142,385,121,4.0,5.0,,,7.0,,,13.0,15.0,33.0,6.0,56,123,46,121,34,109,2.0,52,43.0,19,17.0,8.0,123,22,38,36,6.0,46,,13.0,,2.0,,5.0,,,2.0,18.0,,5.0,20,66,37,18.0,27.0,9.0,4.0,32.0,23,51,90,173,181,63,,7.0,4.0,,2.0,8.0,12.0,8.0,28.0,159,42,27,12,49,15.0,37,44.0,8.0,10.0,7.0,82,,2.0,2.0,16.0,140,12,60,41,30,15,2.0,,8.0,,5.0,18.0,6.0,8.0,2.0,12.0,4.0,19.0,,9.0,34.0,31,19.0,70,31,15.0,8.0,,52,5.0,88,,132,4.0,71,4.0,13.0,34,2.0,,17.0,7.0,2.0,19.0,2.0,2.0,,,54,66,,,,,2.0,12.0,2.0,16.0,,,7.0,80,163,,5.0
2015-01-01,63,86,53,175,,2.0,,10.0,37,36,4.0,132,126,96,41,86,138,59,2.0,58,17.0,8.0,32.0,,8.0,43,21.0,95,6.0,13.0,32.0,,20.0,99,26.0,4.0,7.0,,16.0,113,204,45,60,76,32,97,54,116,26.0,112,94,98,,23.0,4.0,52,,,86,10.0,43.0,126,4.0,10.0,2.0,,8.0,2.0,2.0,5.0,,,,35.0,2.0,16,2.0,,22,24,16.0,33.0,132,4.0,19.0,30.0,97,81.0,92,2.0,,51,7.0,22.0,6.0,546,2.0,68,343,161,2.0,,,,,,5.0,,33.0,29.0,8.0,42,109,79,145,23,72,26.0,38,19.0,24,5.0,2.0,123,25,44,50,2.0,50,,10.0,2.0,,,5.0,2.0,,13.0,10.0,,7.0,19,67,38,4.0,14.0,9.0,,14.0,24,59,146,106,118,21,,,,,4.0,2.0,16.0,13.0,29.0,97,86,27,18,35,8.0,45,38.0,21.0,27.0,,59,,10.0,10.0,10.0,118,20,49,35,29,10,12.0,,4.0,7.0,,9.0,,10.0,,5.0,,37.0,,6.0,16.0,33,47.0,24,11,,4.0,,65,2.0,114,2.0,120,19.0,93,6.0,6.0,50,23.0,,20.0,,10.0,10.0,,7.0,,,42,26,,2.0,,,10.0,21.0,5.0,4.0,,,,88,114,,5.0
2015-02-01,23,71,16,197,4.0,,,32.0,47,13,8.0,100,134,35,32,46,49,34,,25,7.0,8.0,13.0,2.0,,38,10.0,56,5.0,,12.0,,,85,15.0,,8.0,,2.0,76,210,35,38,41,29,65,42,100,9.0,80,101,12,,17.0,17.0,36,,,79,4.0,22.0,115,5.0,6.0,16.0,,29.0,,9.0,,8.0,6.0,,13.0,,6,,6.0,32,22,,14.0,198,2.0,,41.0,51,63.0,79,,5.0,103,,5.0,4.0,483,,65,261,75,,,,,,5.0,21.0,8.0,26.0,29.0,2.0,28,74,32,178,8,75,,91,30.0,8,8.0,8.0,89,25,19,27,,26,,28.0,5.0,,,4.0,,,4.0,4.0,,16.0,8,47,30,10.0,7.0,8.0,,26.0,23,28,50,88,149,18,,,,5.0,7.0,8.0,,5.0,19.0,94,51,17,15,28,13.0,20,8.0,4.0,7.0,4.0,54,,,4.0,32.0,100,17,28,15,11,11,4.0,,2.0,5.0,,,2.0,2.0,6.0,4.0,,20.0,,2.0,10.0,10,9.0,23,5,10.0,10.0,,43,,70,,57,9.0,85,6.0,5.0,29,14.0,5.0,,19.0,2.0,7.0,,4.0,,6.0,67,17,10.0,,,,14.0,9.0,5.0,2.0,,4.0,10.0,94,85,,5.0
2015-03-01,49,72,61,220,,5.0,7.0,30.0,29,48,30.0,130,144,67,33,54,81,32,2.0,40,5.0,42.0,35.0,2.0,8.0,40,29.0,49,,6.0,4.0,,10.0,95,6.0,,5.0,15.0,12.0,89,248,86,76,45,51,81,53,151,14.0,86,80,75,2.0,30.0,19.0,37,,2.0,64,8.0,14.0,101,13.0,14.0,2.0,,4.0,,2.0,5.0,,,,40.0,8.0,4,,10.0,32,56,11.0,4.0,186,20.0,5.0,,149,70.0,76,2.0,5.0,61,,16.0,5.0,491,2.0,70,308,119,,2.0,2.0,2.0,6.0,6.0,12.0,,7.0,18.0,10.0,84,126,89,128,28,53,7.0,58,14.0,42,18.0,6.0,59,10,40,34,2.0,73,,,,4.0,,,,,6.0,14.0,6.0,10.0,21,34,59,13.0,4.0,4.0,6.0,8.0,28,46,88,108,96,36,6.0,,,4.0,5.0,11.0,13.0,19.0,25.0,96,18,47,28,42,9.0,26,12.0,6.0,16.0,6.0,95,,14.0,4.0,17.0,138,18,57,9,20,17,2.0,,10.0,,,7.0,,2.0,6.0,4.0,,9.0,2.0,7.0,13.0,33,16.0,27,4,4.0,11.0,,24,,83,,58,42.0,57,4.0,12.0,50,9.0,2.0,6.0,15.0,14.0,16.0,,6.0,,20.0,63,23,,,,,19.0,23.0,4.0,8.0,,,10.0,80,163,,
2015-04-01,39,126,103,207,4.0,9.0,,29.0,24,11,14.0,130,170,65,65,29,66,27,,26,2.0,8.0,30.0,,9.0,28,23.0,82,,,6.0,,8.0,54,4.0,8.0,11.0,,6.0,70,240,50,50,43,139,111,48,146,24.0,173,111,56,,10.0,20.0,38,,,59,,2.0,133,5.0,16.0,,,,,6.0,,4.0,,,26.0,5.0,21,,16.0,11,92,2.0,22.0,167,12.0,4.0,9.0,92,32.0,82,,,56,,7.0,,476,,129,352,116,,5.0,,,10.0,5.0,2.0,,6.0,30.0,14.0,45,78,28,126,36,91,6.0,64,15.0,16,20.0,8.0,133,11,14,42,,54,2.0,4.0,,,,,5.0,,6.0,8.0,,10.0,20,23,56,8.0,12.0,2.0,14.0,42.0,32,24,168,76,117,42,4.0,,2.0,,,13.0,4.0,26.0,25.0,64,30,35,27,22,11.0,25,19.0,8.0,10.0,4.0,79,,11.0,,19.0,90,14,58,23,32,7,2.0,5.0,5.0,5.0,,5.0,,,,4.0,6.0,29.0,,,13.0,48,24.0,66,16,7.0,24.0,,31,2.0,81,,81,6.0,51,6.0,12.0,39,4.0,4.0,,62.0,27.0,8.0,,,,8.0,46,35,,5.0,,,18.0,16.0,5.0,6.0,,,4.0,66,121,,4.0
2015-05-01,35,87,115,393,8.0,2.0,2.0,26.0,63,60,5.0,168,126,103,31,117,156,41,,27,13.0,10.0,16.0,4.0,12.0,46,25.0,74,,7.0,19.0,5.0,8.0,59,5.0,,10.0,5.0,15.0,112,280,61,47,65,43,110,88,244,16.0,131,110,50,,34.0,2.0,67,,,86,12.0,33.0,119,5.0,11.0,,,13.0,,13.0,12.0,,4.0,,27.0,6.0,18,,6.0,81,26,8.0,17.0,175,26.0,11.0,16.0,86,42.0,109,,,42,4.0,9.0,,627,4.0,118,468,234,2.0,,4.0,5.0,8.0,,26.0,,,7.0,4.0,55,98,32,75,23,85,10.0,64,67.0,43,36.0,4.0,77,34,19,55,,34,6.0,14.0,8.0,,,5.0,4.0,,,8.0,4.0,,7,22,58,,9.0,22.0,11.0,12.0,37,52,132,93,105,50,,,,,2.0,5.0,4.0,10.0,50.0,139,39,33,28,30,12.0,37,23.0,28.0,17.0,14.0,110,,6.0,7.0,10.0,112,10,58,36,33,30,4.0,9.0,15.0,10.0,2.0,7.0,2.0,,,,2.0,10.0,,10.0,13.0,29,27.0,33,32,20.0,12.0,9.0,52,,57,7.0,106,8.0,96,6.0,4.0,46,11.0,,14.0,14.0,11.0,5.0,,5.0,,29.0,56,48,,,,,6.0,30.0,9.0,,,5.0,,78,147,,
2015-06-01,73,126,61,231,12.0,11.0,4.0,15.0,57,39,17.0,269,212,117,42,105,124,96,2.0,25,6.0,16.0,33.0,,11.0,46,4.0,70,11.0,2.0,4.0,,5.0,72,4.0,,12.0,,13.0,95,248,78,55,44,86,65,82,112,47.0,85,98,54,4.0,13.0,22.0,44,,,116,8.0,14.0,83,,2.0,4.0,4.0,,,21.0,2.0,8.0,4.0,,43.0,30.0,17,7.0,14.0,22,70,15.0,18.0,213,14.0,18.0,2.0,87,52.0,95,5.0,,77,,,10.0,613,,106,425,183,,,,,,,14.0,8.0,2.0,27.0,10.0,44,112,47,116,46,57,4.0,67,9.0,49,33.0,11.0,108,18,28,58,,73,4.0,15.0,,4.0,,,,,,2.0,8.0,9.0,28,46,28,16.0,20.0,5.0,13.0,34.0,41,32,175,103,126,50,,,,,,13.0,10.0,5.0,47.0,75,80,53,29,45,17.0,37,34.0,12.0,48.0,4.0,116,,4.0,10.0,14.0,84,18,45,12,19,21,,7.0,13.0,4.0,,8.0,2.0,,,4.0,2.0,12.0,4.0,2.0,16.0,28,25.0,41,17,16.0,8.0,,72,,76,,123,13.0,48,4.0,14.0,30,18.0,4.0,4.0,9.0,4.0,10.0,,6.0,,2.0,64,40,,,,,,6.0,2.0,25.0,,,9.0,86,76,,5.0
2015-07-01,57,129,95,206,,5.0,,23.0,23,67,5.0,157,225,91,78,77,164,38,2.0,18,14.0,10.0,2.0,,20.0,70,31.0,127,2.0,,15.0,,11.0,94,9.0,,4.0,,29.0,60,207,95,31,48,91,90,75,147,37.0,129,111,79,4.0,25.0,23.0,81,,10.0,89,11.0,23.0,153,4.0,16.0,10.0,2.0,10.0,,4.0,,2.0,,,55.0,18.0,11,2.0,6.0,30,54,10.0,57.0,145,6.0,19.0,20.0,149,46.0,100,,,21,6.0,2.0,6.0,534,,138,368,153,2.0,2.0,4.0,,,7.0,28.0,2.0,5.0,17.0,6.0,30,105,38,98,85,143,,136,20.0,62,50.0,10.0,117,18,28,93,2.0,72,2.0,23.0,,,,,,2.0,2.0,9.0,,7.0,17,51,102,18.0,18.0,6.0,5.0,28.0,12,81,152,138,150,54,,,,,,4.0,,22.0,40.0,66,44,11,44,55,20.0,15,26.0,8.0,4.0,6.0,71,,2.0,9.0,29.0,104,27,47,24,67,13,4.0,,8.0,2.0,,20.0,4.0,,,8.0,,26.0,4.0,13.0,12.0,23,41.0,61,26,29.0,14.0,,51,2.0,104,,113,30.0,64,,2.0,44,4.0,10.0,6.0,30.0,9.0,,,10.0,5.0,9.0,75,28,,,,,7.0,2.0,4.0,4.0,2.0,6.0,,129,73,,
2015-08-01,61,105,73,288,15.0,5.0,,66.0,40,23,2.0,212,123,111,61,83,109,37,,54,20.0,5.0,30.0,2.0,18.0,107,20.0,105,,4.0,18.0,,27.0,94,,,12.0,5.0,20.0,65,206,124,41,49,56,110,78,163,12.0,147,79,42,,19.0,8.0,70,,6.0,94,,24.0,93,,6.0,8.0,,2.0,6.0,13.0,,,,,19.0,,18,,13.0,29,80,16.0,36.0,218,9.0,16.0,29.0,81,29.0,110,7.0,,69,13.0,4.0,,711,2.0,63,403,166,,2.0,17.0,,2.0,2.0,,8.0,5.0,10.0,13.0,61,129,42,125,53,150,29.0,70,45.0,26,15.0,6.0,101,28,46,73,,64,,7.0,,,,,,2.0,4.0,12.0,4.0,11.0,11,67,59,4.0,4.0,4.0,2.0,29.0,30,63,75,95,94,31,,4.0,4.0,,,,5.0,29.0,29.0,101,80,18,29,55,17.0,31,17.0,2.0,25.0,13.0,96,,4.0,12.0,10.0,151,8,68,16,34,16,6.0,,2.0,,,2.0,2.0,,2.0,4.0,,16.0,6.0,,4.0,77,12.0,48,10,17.0,16.0,,23,,96,,130,14.0,69,8.0,5.0,27,6.0,6.0,,28.0,2.0,16.0,,,,4.0,47,38,2.0,,,,6.0,7.0,5.0,11.0,,,5.0,130,121,,
2015-09-01,57,99,69,166,17.0,,,39.0,31,47,23.0,186,155,89,41,65,102,54,,39,8.0,28.0,15.0,,6.0,81,48.0,117,,17.0,,5.0,8.0,121,5.0,4.0,10.0,4.0,16.0,98,216,107,58,49,54,133,67,153,12.0,116,75,34,8.0,13.0,5.0,33,,,83,2.0,8.0,171,5.0,11.0,2.0,,,,16.0,,5.0,,5.0,26.0,17.0,10,13.0,4.0,36,81,,27.0,213,7.0,2.0,24.0,71,74.0,126,,5.0,49,6.0,8.0,7.0,589,,102,468,152,,,2.0,,8.0,,2.0,14.0,,19.0,11.0,54,96,52,83,34,58,23.0,88,17.0,55,22.0,5.0,141,22,22,64,8.0,50,,2.0,5.0,2.0,5.0,,,2.0,,8.0,14.0,4.0,14,12,99,35.0,31.0,16.0,,30.0,34,34,55,53,90,25,,5.0,,,7.0,,,18.0,17.0,96,76,29,15,64,30.0,57,11.0,19.0,20.0,13.0,105,2.0,2.0,11.0,10.0,140,14,62,28,26,8,4.0,5.0,4.0,,,2.0,9.0,12.0,8.0,6.0,,7.0,,20.0,8.0,33,11.0,43,26,6.0,20.0,,38,,58,,103,20.0,60,11.0,14.0,31,19.0,,15.0,25.0,10.0,20.0,,,20.0,4.0,68,69,,,,,16.0,6.0,15.0,2.0,,,2.0,93,167,,
2015-10-01,38,121,98,179,14.0,4.0,,51.0,66,66,4.0,197,174,44,45,143,114,68,,32,16.0,10.0,20.0,,,67,16.0,77,,6.0,29.0,14.0,4.0,123,,,,,14.0,98,265,41,36,58,69,156,61,162,24.0,101,124,45,8.0,24.0,5.0,48,,,92,8.0,5.0,86,,14.0,12.0,5.0,4.0,5.0,10.0,,,2.0,,20.0,16.0,24,,36.0,18,68,32.0,34.0,150,11.0,12.0,38.0,85,49.0,104,,,24,,5.0,6.0,702,4.0,63,442,130,,4.0,6.0,10.0,,2.0,4.0,4.0,21.0,5.0,6.0,52,73,16,87,71,66,21.0,71,32.0,33,36.0,4.0,112,37,32,61,,45,,14.0,5.0,5.0,,,5.0,,10.0,4.0,,,4,38,65,10.0,30.0,5.0,15.0,20.0,23,46,102,54,102,54,,,,,,4.0,,20.0,17.0,141,72,32,28,67,8.0,40,13.0,19.0,2.0,15.0,107,,6.0,6.0,14.0,110,25,30,18,25,6,12.0,2.0,6.0,,,21.0,,,5.0,4.0,,13.0,,10.0,2.0,42,25.0,35,16,18.0,6.0,,38,,64,2.0,106,12.0,64,22.0,22.0,33,15.0,9.0,8.0,36.0,11.0,10.0,,8.0,13.0,4.0,83,81,,,,,21.0,2.0,2.0,4.0,,,,127,139,,
2015-11-01,62,55,64,175,4.0,11.0,2.0,9.0,25,20,2.0,198,115,83,34,69,137,39,,52,16.0,11.0,38.0,,,39,9.0,70,,,32.0,,14.0,97,6.0,2.0,15.0,,7.0,90,230,84,72,70,77,137,73,93,8.0,121,92,21,,33.0,,39,,,91,10.0,2.0,118,,9.0,4.0,,15.0,,8.0,,,9.0,,33.0,2.0,8,4.0,11.0,15,46,,33.0,147,,18.0,7.0,70,52.0,53,21.0,,58,,13.0,,489,,56,341,166,4.0,,,5.0,2.0,4.0,5.0,,33.0,21.0,6.0,37,68,23,116,31,48,21.0,48,17.0,28,24.0,4.0,95,26,29,58,11.0,40,7.0,10.0,,,,,,5.0,10.0,7.0,4.0,,26,39,51,8.0,15.0,12.0,,25.0,12,32,183,51,153,33,,,,,2.0,19.0,5.0,16.0,18.0,66,62,16,57,52,,23,26.0,10.0,32.0,8.0,81,,11.0,4.0,65.0,108,16,25,13,52,11,6.0,,,15.0,,11.0,7.0,2.0,,4.0,,13.0,,5.0,10.0,17,40.0,41,26,6.0,18.0,,41,2.0,85,5.0,86,4.0,19,8.0,23.0,34,16.0,4.0,4.0,8.0,6.0,4.0,,6.0,5.0,10.0,79,38,,,,,18.0,10.0,9.0,18.0,,,2.0,85,105,,
2015-12-01,81,113,86,273,8.0,2.0,5.0,49.0,32,81,2.0,226,140,85,60,102,116,55,,36,7.0,8.0,38.0,4.0,10.0,83,45.0,81,,6.0,4.0,,6.0,115,5.0,,9.0,,10.0,48,304,45,78,82,35,88,52,153,24.0,99,75,54,5.0,25.0,,91,,,96,8.0,7.0,71,,22.0,15.0,6.0,,,2.0,7.0,,5.0,,25.0,,4,,16.0,14,34,5.0,47.0,151,2.0,14.0,15.0,31,76.0,81,5.0,,69,,11.0,8.0,584,,89,310,157,2.0,,2.0,2.0,,,12.0,4.0,10.0,25.0,12.0,70,64,26,138,79,54,21.0,47,24.0,24,36.0,2.0,111,17,38,92,2.0,31,,2.0,5.0,2.0,,5.0,,,11.0,13.0,4.0,2.0,2,46,59,13.0,16.0,,6.0,17.0,55,45,166,67,86,64,,,,,,9.0,5.0,24.0,11.0,83,47,23,18,12,4.0,71,12.0,18.0,26.0,16.0,91,,,7.0,12.0,139,17,43,12,10,9,2.0,,15.0,,,6.0,5.0,,,,,11.0,5.0,,13.0,30,9.0,34,10,6.0,11.0,5.0,47,2.0,53,5.0,94,16.0,18,21.0,15.0,47,15.0,2.0,,12.0,13.0,17.0,,13.0,,,41,45,,5.0,,,,6.0,,5.0,,,,76,86,,
2016-01-01,59,114,99,238,10.0,2.0,2.0,52.0,18,29,7.0,201,109,94,28,123,99,36,,31,2.0,20.0,73.0,6.0,6.0,73,24.0,100,,5.0,5.0,5.0,18.0,100,5.0,5.0,,,8.0,86,229,93,58,41,33,133,28,139,18.0,99,110,58,,37.0,12.0,46,,5.0,122,2.0,19.0,102,,7.0,12.0,2.0,11.0,,5.0,,5.0,2.0,,6.0,12.0,8,,11.0,19,51,7.0,9.0,159,13.0,8.0,17.0,102,41.0,151,,4.0,51,,9.0,4.0,472,,68,347,189,,5.0,4.0,,,5.0,,,15.0,15.0,,64,93,45,86,25,76,17.0,75,20.0,44,27.0,2.0,91,39,19,51,7.0,69,2.0,7.0,,,,5.0,,,15.0,12.0,4.0,4.0,21,19,62,21.0,4.0,,18.0,10.0,20,40,140,105,81,44,,,10.0,,,22.0,,28.0,14.0,115,37,69,11,40,,16,11.0,4.0,9.0,4.0,98,,8.0,4.0,11.0,109,11,22,22,8,16,17.0,7.0,5.0,5.0,,14.0,5.0,,,,,6.0,,12.0,7.0,15,19.0,21,12,16.0,16.0,,78,,60,5.0,108,8.0,59,15.0,20.0,31,6.0,2.0,8.0,25.0,2.0,8.0,,,,6.0,62,28,2.0,2.0,,2.0,4.0,17.0,5.0,18.0,,4.0,4.0,85,119,,
2016-02-01,76,32,62,144,8.0,7.0,,34.0,34,30,4.0,174,98,91,65,51,58,58,5.0,27,2.0,2.0,42.0,2.0,6.0,53,22.0,93,,4.0,10.0,,8.0,45,,,5.0,,17.0,20,189,60,53,72,64,78,60,118,34.0,122,114,27,,13.0,17.0,32,,,64,4.0,2.0,84,,4.0,7.0,,,2.0,4.0,,,4.0,,10.0,2.0,8,,5.0,13,43,,12.0,179,,,11.0,66,41.0,103,,,18,10.0,4.0,,395,,123,309,79,2.0,,4.0,,5.0,4.0,9.0,2.0,4.0,7.0,4.0,38,105,25,86,4,66,16.0,89,12.0,4,10.0,2.0,120,27,14,72,5.0,70,,6.0,,,,2.0,2.0,5.0,8.0,8.0,,2.0,28,7,16,8.0,4.0,2.0,4.0,2.0,6,38,88,72,78,49,,,,,,,6.0,10.0,32.0,60,43,43,10,30,4.0,6,9.0,4.0,18.0,2.0,62,,,11.0,16.0,84,14,39,18,10,6,,,4.0,8.0,8.0,,,,,2.0,,34.0,,8.0,16.0,18,27.0,26,11,6.0,4.0,,64,,58,4.0,100,14.0,70,17.0,12.0,32,15.0,8.0,2.0,26.0,6.0,9.0,,,,10.0,72,10,,,,,10.0,8.0,11.0,12.0,,,7.0,90,100,,
2016-03-01,30,66,56,176,21.0,,,11.0,49,30,6.0,159,130,63,31,45,37,29,7.0,49,6.0,8.0,28.0,2.0,2.0,31,42.0,62,,7.0,10.0,11.0,10.0,56,7.0,,,7.0,25.0,43,184,71,41,55,56,76,61,99,9.0,89,69,59,2.0,27.0,2.0,62,,,90,15.0,2.0,137,,2.0,4.0,,5.0,,32.0,13.0,,6.0,,8.0,4.0,18,,7.0,18,53,12.0,10.0,190,9.0,10.0,28.0,98,48.0,108,,,55,,2.0,,386,,118,322,138,2.0,6.0,,,2.0,4.0,17.0,,12.0,2.0,,45,89,12,81,12,44,26.0,58,9.0,14,20.0,16.0,96,6,4,70,2.0,61,4.0,9.0,5.0,,,5.0,2.0,,2.0,8.0,2.0,5.0,8,53,56,8.0,24.0,10.0,15.0,4.0,25,27,52,63,132,61,,,6.0,,4.0,2.0,,15.0,43.0,66,72,38,12,43,,20,32.0,2.0,32.0,36.0,77,,8.0,33.0,7.0,110,10,21,8,22,15,2.0,,6.0,,,2.0,5.0,,2.0,2.0,,13.0,2.0,9.0,15.0,30,27.0,76,28,6.0,,,73,,66,,74,50.0,36,18.0,7.0,17,10.0,2.0,10.0,15.0,5.0,7.0,,12.0,,2.0,66,32,,,,,4.0,4.0,6.0,28.0,,,9.0,56,86,2.0,
2016-04-01,54,79,64,189,17.0,2.0,,26.0,33,49,5.0,201,131,90,73,63,56,34,2.0,19,13.0,7.0,6.0,,10.0,40,34.0,74,,7.0,12.0,,20.0,73,9.0,,2.0,,20.0,55,248,78,57,38,89,55,79,114,22.0,97,125,46,2.0,12.0,10.0,33,,,70,8.0,,174,29.0,7.0,6.0,,4.0,,11.0,,8.0,,9.0,21.0,2.0,12,,10.0,35,54,,7.0,164,5.0,5.0,16.0,84,39.0,157,,9.0,69,5.0,2.0,2.0,440,,132,268,154,4.0,4.0,19.0,,5.0,8.0,5.0,7.0,8.0,14.0,,48,112,31,84,52,81,15.0,46,24.0,9,19.0,16.0,83,12,36,75,,42,,5.0,,14.0,2.0,2.0,,,10.0,8.0,4.0,,18,44,17,13.0,16.0,8.0,,13.0,51,74,92,93,133,43,,,,,2.0,2.0,2.0,27.0,13.0,56,44,60,58,44,6.0,10,32.0,8.0,11.0,,73,2.0,15.0,12.0,8.0,84,22,60,14,18,14,10.0,5.0,,,2.0,4.0,,5.0,,2.0,,27.0,,4.0,13.0,38,27.0,32,18,8.0,10.0,4.0,37,2.0,69,,88,2.0,27,2.0,4.0,42,15.0,5.0,,14.0,9.0,10.0,,15.0,,10.0,58,41,,,,9.0,8.0,,14.0,20.0,,,5.0,62,63,,
2016-05-01,49,124,58,308,13.0,11.0,,58.0,27,56,18.0,236,142,95,62,79,110,46,,34,5.0,20.0,33.0,4.0,24.0,100,23.0,70,,,17.0,,15.0,80,14.0,,5.0,2.0,34.0,67,177,51,35,98,47,68,42,183,42.0,165,73,46,,,20.0,56,,,87,4.0,24.0,149,12.0,29.0,4.0,,7.0,,18.0,,2.0,2.0,,31.0,12.0,19,,6.0,23,38,13.0,9.0,144,9.0,9.0,32.0,94,49.0,182,,,33,,6.0,10.0,538,6.0,96,405,177,,6.0,8.0,,,2.0,4.0,9.0,8.0,10.0,10.0,44,120,28,56,23,67,13.0,59,8.0,14,31.0,,85,14,23,31,2.0,40,,10.0,,8.0,4.0,,,,,13.0,2.0,4.0,30,40,48,7.0,25.0,13.0,15.0,18.0,50,51,177,105,134,19,,2.0,4.0,,7.0,2.0,9.0,15.0,37.0,89,54,27,12,52,2.0,21,8.0,26.0,17.0,28.0,87,,12.0,25.0,14.0,134,17,40,15,33,12,2.0,,9.0,8.0,,,4.0,,4.0,2.0,,28.0,2.0,7.0,6.0,35,16.0,13,10,17.0,10.0,8.0,50,,82,5.0,142,6.0,38,9.0,8.0,37,14.0,6.0,14.0,19.0,2.0,,,,,9.0,66,78,,,,,22.0,7.0,16.0,22.0,,,2.0,77,97,,
2016-06-01,40,103,50,223,4.0,,5.0,26.0,58,43,7.0,233,134,64,76,71,78,27,,50,6.0,13.0,6.0,5.0,12.0,68,15.0,66,8.0,,17.0,2.0,8.0,67,,,11.0,,9.0,66,258,26,19,56,94,108,85,152,30.0,154,81,96,2.0,2.0,24.0,31,,,74,2.0,4.0,150,11.0,24.0,14.0,,,2.0,2.0,6.0,2.0,7.0,,61.0,10.0,6,,2.0,21,93,6.0,5.0,174,,2.0,16.0,94,43.0,201,,,36,,5.0,2.0,424,6.0,80,240,145,2.0,,10.0,,,4.0,17.0,12.0,17.0,21.0,4.0,65,79,37,88,38,139,38.0,60,26.0,25,40.0,18.0,96,19,31,35,8.0,93,5.0,22.0,,,,2.0,,,4.0,20.0,10.0,,12,45,39,27.0,18.0,10.0,,10.0,4,57,96,99,112,59,,,4.0,5.0,8.0,22.0,,38.0,22.0,94,18,40,34,57,13.0,27,21.0,6.0,38.0,12.0,70,,,6.0,10.0,143,27,18,5,31,16,6.0,,2.0,5.0,,6.0,4.0,,5.0,9.0,,6.0,,4.0,6.0,24,17.0,63,32,24.0,8.0,13.0,74,,40,,112,4.0,36,,2.0,39,16.0,4.0,6.0,28.0,4.0,10.0,,14.0,4.0,10.0,52,53,,,,6.0,8.0,8.0,,7.0,,,8.0,57,149,,11.0
2016-07-01,61,74,62,186,23.0,,,20.0,89,63,28.0,179,132,60,37,113,110,72,,43,5.0,6.0,26.0,4.0,11.0,57,36.0,95,,2.0,12.0,,22.0,47,5.0,,4.0,,17.0,116,271,75,54,116,68,90,88,152,28.0,111,59,70,,16.0,2.0,79,,,117,2.0,22.0,206,2.0,10.0,16.0,,4.0,,4.0,,,8.0,,16.0,14.0,27,,31.0,35,99,12.0,9.0,198,4.0,,23.0,68,23.0,98,2.0,,35,,2.0,,484,,93,308,104,14.0,,2.0,7.0,11.0,4.0,7.0,,23.0,19.0,2.0,43,52,27,70,6,63,19.0,71,23.0,15,34.0,14.0,152,36,18,66,2.0,57,2.0,4.0,5.0,,,,,,5.0,4.0,4.0,17.0,25,46,57,28.0,22.0,,18.0,30.0,30,64,119,152,168,31,,6.0,6.0,5.0,,2.0,,4.0,42.0,73,55,63,24,79,27.0,51,36.0,6.0,10.0,6.0,43,,6.0,7.0,15.0,48,41,49,12,44,16,2.0,5.0,2.0,7.0,,13.0,2.0,7.0,,2.0,4.0,14.0,,13.0,10.0,7,51.0,71,28,7.0,6.0,,73,7.0,98,5.0,127,2.0,40,10.0,12.0,28,13.0,6.0,7.0,17.0,2.0,2.0,8.0,,,5.0,56,35,,,,,,18.0,2.0,7.0,,,4.0,90,137,,
2016-08-01,95,114,76,261,15.0,2.0,2.0,5.0,56,112,14.0,186,111,130,60,114,86,36,,66,10.0,4.0,52.0,,4.0,77,22.0,91,,5.0,10.0,,17.0,77,4.0,9.0,2.0,,4.0,66,222,59,56,110,105,102,48,149,18.0,132,53,29,2.0,65.0,18.0,29,,,45,,6.0,163,2.0,2.0,17.0,,2.0,,2.0,5.0,8.0,2.0,5.0,37.0,14.0,18,,,14,82,10.0,19.0,176,21.0,,36.0,179,52.0,145,,4.0,57,,,,437,2.0,141,249,149,4.0,5.0,6.0,,,,5.0,6.0,6.0,11.0,25.0,40,81,45,147,24,103,13.0,67,8.0,34,11.0,2.0,141,45,20,57,4.0,64,2.0,9.0,,10.0,2.0,2.0,10.0,6.0,18.0,15.0,2.0,12.0,8,37,50,12.0,33.0,14.0,12.0,10.0,16,43,85,95,146,46,,,,,,19.0,6.0,20.0,54.0,101,69,51,24,97,10.0,30,22.0,8.0,16.0,10.0,84,,6.0,14.0,11.0,71,25,43,8,30,26,6.0,8.0,9.0,6.0,,7.0,6.0,8.0,,8.0,4.0,14.0,,,10.0,49,33.0,64,20,34.0,32.0,,62,5.0,93,6.0,130,5.0,78,10.0,2.0,39,,10.0,16.0,24.0,6.0,2.0,,13.0,7.0,2.0,99,73,2.0,2.0,,,14.0,20.0,23.0,2.0,,,,81,113,,
2016-09-01,82,95,65,154,8.0,,5.0,32.0,45,44,4.0,134,128,82,61,88,106,50,4.0,53,6.0,5.0,54.0,4.0,12.0,40,24.0,122,,,5.0,5.0,4.0,67,,,6.0,5.0,4.0,105,235,74,112,40,59,98,60,155,10.0,108,70,58,2.0,15.0,8.0,38,,,58,,33.0,131,,8.0,,13.0,,,13.0,,6.0,,,15.0,14.0,55,,14.0,21,66,19.0,18.0,293,4.0,10.0,33.0,147,41.0,128,14.0,,44,5.0,2.0,,583,2.0,130,273,188,4.0,,2.0,,9.0,,5.0,5.0,14.0,13.0,4.0,32,136,24,79,27,31,18.0,58,22.0,20,22.0,13.0,101,48,49,106,,61,,21.0,,4.0,,5.0,,,4.0,8.0,4.0,7.0,10,30,59,14.0,14.0,2.0,18.0,38.0,16,80,40,63,107,64,,,6.0,,6.0,20.0,6.0,20.0,34.0,36,55,53,19,97,2.0,14,22.0,4.0,4.0,4.0,80,2.0,4.0,6.0,12.0,96,47,83,27,34,11,4.0,,17.0,,,4.0,,4.0,,8.0,4.0,26.0,6.0,7.0,17.0,12,50.0,74,37,10.0,26.0,,73,4.0,81,10.0,103,2.0,58,5.0,11.0,48,4.0,4.0,8.0,18.0,7.0,18.0,,10.0,,4.0,54,38,,,,,15.0,2.0,4.0,15.0,,,,78,105,,
2016-10-01,83,155,73,276,15.0,2.0,2.0,44.0,40,61,6.0,102,111,146,22,82,108,51,2.0,70,4.0,17.0,20.0,,,33,12.0,127,10.0,,19.0,6.0,10.0,49,4.0,4.0,13.0,8.0,7.0,60,166,46,48,89,34,110,107,86,16.0,88,54,49,,7.0,,55,,,95,5.0,16.0,138,8.0,10.0,16.0,,2.0,,,,8.0,,,20.0,12.0,20,,12.0,26,76,6.0,24.0,140,,5.0,19.0,98,62.0,145,14.0,,98,,,2.0,534,,156,414,154,4.0,,,4.0,,,9.0,,10.0,10.0,,46,129,30,99,53,45,24.0,78,16.0,40,38.0,2.0,157,14,52,56,2.0,53,,6.0,5.0,5.0,,,,,9.0,6.0,4.0,4.0,16,41,31,4.0,15.0,,12.0,13.0,39,66,88,74,44,63,,2.0,,4.0,,8.0,10.0,,13.0,98,62,74,18,69,26.0,5,26.0,6.0,14.0,19.0,106,2.0,5.0,5.0,11.0,98,31,47,20,27,24,8.0,,4.0,,,2.0,,,,,,16.0,,9.0,17.0,46,31.0,52,20,8.0,18.0,2.0,41,,97,2.0,144,11.0,79,7.0,19.0,54,15.0,12.0,16.0,13.0,14.0,2.0,,20.0,5.0,2.0,45,37,,2.0,,,2.0,8.0,26.0,17.0,,,17.0,78,94,4.0,
2016-11-01,62,68,135,222,24.0,,,17.0,29,16,9.0,110,104,93,40,92,68,31,2.0,67,2.0,20.0,33.0,,10.0,56,20.0,89,,7.0,6.0,,10.0,34,7.0,,4.0,2.0,14.0,54,188,51,43,42,81,64,51,154,12.0,108,59,56,4.0,12.0,8.0,38,,,53,10.0,14.0,82,,4.0,6.0,2.0,,,2.0,2.0,10.0,,,24.0,4.0,12,,,11,33,,28.0,91,19.0,,21.0,108,25.0,108,,,18,5.0,,4.0,434,,68,275,91,2.0,5.0,2.0,,,,,4.0,2.0,6.0,15.0,46,136,43,90,20,69,15.0,35,26.0,18,30.0,4.0,158,16,21,45,4.0,34,4.0,20.0,10.0,6.0,,4.0,4.0,5.0,20.0,30.0,2.0,10.0,20,36,85,20.0,,6.0,10.0,17.0,34,37,141,87,78,35,,2.0,,,2.0,2.0,,4.0,15.0,95,57,61,39,26,33.0,7,6.0,21.0,4.0,4.0,99,,8.0,,6.0,120,28,56,25,20,20,2.0,5.0,7.0,2.0,,19.0,10.0,,5.0,,5.0,31.0,,,4.0,16,23.0,44,8,4.0,8.0,,56,,61,,143,6.0,28,9.0,14.0,39,8.0,,,37.0,15.0,,,10.0,2.0,6.0,50,62,,,,,4.0,2.0,15.0,10.0,5.0,,,79,82,,
2016-12-01,121,121,95,235,5.0,30.0,,28.0,51,30,23.0,118,126,64,46,71,104,34,4.0,75,10.0,6.0,44.0,,,27,21.0,65,,,7.0,,18.0,70,2.0,,4.0,2.0,8.0,98,158,27,80,76,62,91,44,191,21.0,84,57,58,,2.0,6.0,32,,,129,9.0,38.0,101,,9.0,2.0,,2.0,2.0,2.0,2.0,,,,12.0,8.0,18,5.0,22.0,38,18,,10.0,126,5.0,10.0,8.0,110,55.0,70,,,44,,5.0,,370,,127,331,138,2.0,,6.0,,,5.0,4.0,,,6.0,4.0,37,88,30,107,23,40,13.0,76,33.0,28,9.0,,195,75,55,124,4.0,61,,4.0,,,,5.0,,5.0,,9.0,16.0,5.0,22,34,38,11.0,36.0,12.0,15.0,12.0,39,40,88,87,147,45,,,2.0,,,8.0,2.0,9.0,16.0,86,62,69,28,45,24.0,16,15.0,8.0,41.0,16.0,99,,11.0,13.0,34.0,100,23,54,24,42,5,18.0,2.0,2.0,,,,4.0,2.0,,4.0,11.0,18.0,,,4.0,38,14.0,68,8,39.0,27.0,,40,,72,4.0,163,8.0,81,10.0,17.0,35,10.0,8.0,8.0,4.0,6.0,4.0,,14.0,,,60,78,,,,,2.0,5.0,5.0,4.0,,,7.0,61,108,,6.0
2017-01-01,103,142,84,207,12.0,5.0,,15.0,70,41,10.0,95,110,19,34,77,65,32,,54,8.0,6.0,16.0,,10.0,29,27.0,73,,5.0,10.0,,,63,9.0,,12.0,4.0,9.0,84,148,33,40,43,66,79,31,132,6.0,82,78,31,4.0,20.0,14.0,28,,,45,,21.0,157,,,2.0,,,,13.0,,,,6.0,30.0,2.0,17,,13.0,28,74,6.0,9.0,108,10.0,13.0,25.0,106,55.0,129,4.0,,40,2.0,9.0,9.0,422,,132,245,87,,2.0,2.0,,,,,,18.0,4.0,6.0,40,103,31,115,33,40,21.0,67,15.0,7,8.0,8.0,209,14,46,95,2.0,90,,4.0,7.0,6.0,,2.0,,,,10.0,5.0,,22,28,25,16.0,17.0,24.0,4.0,14.0,57,38,116,59,89,29,,2.0,,,,12.0,4.0,16.0,2.0,69,40,33,29,46,20.0,16,19.0,8.0,25.0,9.0,106,,4.0,48.0,19.0,72,26,39,5,33,14,,,2.0,,6.0,5.0,,,,,,14.0,,6.0,2.0,30,38.0,35,6,14.0,14.0,,48,,40,7.0,123,14.0,77,33.0,10.0,48,8.0,,,4.0,6.0,6.0,,15.0,,6.0,23,63,,,,,8.0,12.0,30.0,12.0,,,6.0,71,76,,
2017-02-01,94,85,57,115,13.0,12.0,,2.0,25,33,,114,91,56,38,40,77,32,,27,6.0,5.0,30.0,,4.0,34,15.0,50,5.0,2.0,6.0,,,73,4.0,,5.0,2.0,22.0,45,133,31,32,30,36,57,25,103,6.0,52,50,31,4.0,6.0,12.0,31,,,97,,13.0,68,2.0,14.0,,,,,,2.0,,,,28.0,,7,,2.0,16,11,2.0,14.0,110,4.0,7.0,17.0,88,14.0,112,15.0,,14,5.0,,2.0,346,,65,233,108,2.0,,2.0,,,,,,24.0,29.0,,58,64,30,86,26,31,16.0,76,10.0,18,10.0,12.0,76,33,24,69,2.0,53,,4.0,,,,2.0,,,5.0,6.0,5.0,,7,37,52,11.0,6.0,5.0,4.0,2.0,41,20,45,116,107,59,2.0,,,,,2.0,8.0,2.0,,61,70,16,11,40,2.0,35,8.0,14.0,8.0,12.0,50,,,,8.0,83,8,27,24,27,4,8.0,,4.0,5.0,,2.0,2.0,2.0,,,,6.0,,15.0,15.0,13,,27,7,4.0,4.0,,27,,68,,95,12.0,38,2.0,13.0,35,2.0,6.0,,32.0,4.0,11.0,,,,,25,41,,2.0,,,2.0,,11.0,5.0,,,2.0,58,76,,
2017-03-01,66,65,27,126,21.0,10.0,,14.0,55,37,,73,77,69,17,55,65,6,,41,5.0,8.0,25.0,,2.0,20,11.0,50,,5.0,2.0,,2.0,50,,2.0,6.0,,18.0,71,124,58,27,44,62,68,28,94,6.0,86,56,26,,7.0,10.0,15,,,98,,10.0,92,,,2.0,6.0,,,,,7.0,,,11.0,25.0,6,9.0,8.0,8,49,,12.0,89,,4.0,8.0,76,28.0,77,4.0,,8,4.0,,,317,,47,220,132,,,,,2.0,,11.0,,10.0,5.0,2.0,18,55,12,127,17,30,10.0,37,14.0,4,12.0,,159,10,62,36,,41,,6.0,,,,,2.0,,,,10.0,,13,18,67,6.0,15.0,2.0,8.0,11.0,28,63,67,53,70,12,,,8.0,,,,9.0,21.0,,34,29,15,10,19,23.0,2,16.0,6.0,7.0,10.0,81,,,23.0,11.0,58,2,16,12,23,10,10.0,,,,,8.0,,,,2.0,,33.0,,5.0,2.0,13,9.0,51,4,5.0,2.0,,50,,40,5.0,85,8.0,20,,2.0,11,,4.0,,8.0,,9.0,,6.0,,12.0,33,26,,,,,6.0,5.0,6.0,,,,,75,54,,
2017-04-01,74,78,89,174,13.0,,,16.0,13,44,16.0,118,88,53,32,55,36,27,2.0,25,16.0,17.0,11.0,,6.0,59,27.0,90,,,4.0,,22.0,68,2.0,5.0,8.0,,17.0,29,118,35,38,50,92,100,73,62,,57,34,53,2.0,22.0,10.0,39,,,89,,10.0,56,5.0,4.0,10.0,,6.0,,8.0,6.0,,2.0,2.0,7.0,18.0,26,,17.0,19,44,6.0,18.0,104,8.0,12.0,39.0,119,36.0,82,5.0,,14,,2.0,7.0,450,,72,384,157,4.0,5.0,,,,,7.0,9.0,6.0,2.0,,51,86,37,118,25,60,13.0,47,,4,26.0,16.0,90,18,23,50,2.0,59,,4.0,2.0,,,,,,2.0,6.0,,2.0,10,39,65,8.0,6.0,21.0,6.0,23.0,64,59,50,93,60,36,,2.0,,,5.0,5.0,6.0,8.0,9.0,38,70,32,30,57,10.0,22,29.0,8.0,15.0,17.0,57,,4.0,7.0,12.0,97,10,30,8,38,16,6.0,,,,,,,2.0,,4.0,2.0,,,2.0,2.0,13,2.0,16,16,22.0,8.0,,58,,45,,46,12.0,46,6.0,9.0,35,8.0,6.0,2.0,13.0,,,,15.0,2.0,,34,32,,,,,,11.0,5.0,2.0,,,,114,38,,
2017-05-01,55,80,48,139,15.0,2.0,,7.0,8,25,10.0,90,115,65,56,83,57,44,6.0,31,14.0,11.0,31.0,,12.0,19,,61,5.0,,14.0,10.0,9.0,63,4.0,6.0,12.0,,19.0,44,183,60,40,52,82,66,40,114,6.0,100,62,51,4.0,,21.0,31,,4.0,49,4.0,8.0,117,,,6.0,,4.0,,4.0,2.0,,8.0,,26.0,14.0,27,8.0,7.0,37,41,,20.0,124,12.0,,40.0,96,25.0,98,,,36,5.0,7.0,2.0,518,,89,333,178,2.0,,17.0,,2.0,2.0,27.0,4.0,2.0,4.0,,56,104,28,109,10,45,4.0,59,15.0,2,,8.0,141,22,68,35,9.0,58,2.0,13.0,,,4.0,6.0,8.0,,,8.0,,,6,29,41,16.0,20.0,9.0,11.0,6.0,37,60,92,65,89,17,2.0,,,,,5.0,,13.0,23.0,55,74,47,36,101,2.0,27,19.0,18.0,16.0,14.0,87,,,2.0,27.0,96,18,36,22,28,11,9.0,,2.0,,,,,,2.0,2.0,2.0,18.0,2.0,7.0,22.0,18,,48,37,2.0,8.0,4.0,63,2.0,86,,76,4.0,51,2.0,4.0,25,,16.0,4.0,15.0,11.0,4.0,,8.0,,8.0,53,27,,,,,6.0,22.0,10.0,14.0,,,2.0,51,66,,
2017-06-01,81,83,30,178,4.0,,,23.0,17,14,6.0,112,95,51,47,91,81,22,,51,12.0,12.0,8.0,12.0,6.0,44,21.0,54,2.0,7.0,,,6.0,98,8.0,2.0,6.0,,39.0,97,158,43,43,47,24,125,60,214,8.0,93,44,48,6.0,21.0,5.0,40,,,81,4.0,15.0,115,2.0,,12.0,,15.0,,11.0,,,13.0,,30.0,15.0,8,,16.0,8,58,,17.0,186,,7.0,9.0,58,60.0,109,5.0,4.0,29,6.0,4.0,,426,,62,302,92,2.0,,6.0,5.0,6.0,,,,,5.0,2.0,31,74,33,79,36,71,13.0,65,12.0,14,38.0,4.0,148,40,36,53,,46,,6.0,,8.0,4.0,4.0,2.0,,4.0,,4.0,2.0,6,20,37,41.0,29.0,10.0,4.0,9.0,9,19,85,83,104,30,,,6.0,,8.0,7.0,8.0,31.0,18.0,42,62,24,19,47,8.0,33,46.0,10.0,14.0,10.0,62,,,2.0,12.0,78,25,67,61,44,10,8.0,,2.0,4.0,,7.0,2.0,12.0,,6.0,,14.0,,,18.0,49,,105,16,24.0,10.0,,30,,98,,93,8.0,39,2.0,2.0,23,4.0,4.0,,11.0,,14.0,,16.0,5.0,14.0,71,34,,,,,4.0,,,2.0,,,,57,52,,
2017-07-01,76,126,44,196,13.0,4.0,,12.0,86,33,28.0,100,121,90,68,84,57,40,,42,20.0,8.0,22.0,,8.0,45,35.0,81,4.0,,,,2.0,60,2.0,,,9.0,39.0,132,213,90,16,52,88,131,36,111,26.0,72,53,25,2.0,22.0,4.0,31,,,95,,8.0,116,,,7.0,,4.0,,6.0,,7.0,4.0,,14.0,14.0,30,6.0,13.0,6,57,,7.0,102,2.0,2.0,25.0,93,43.0,74,,2.0,59,,,,428,,116,343,103,4.0,15.0,6.0,4.0,6.0,,16.0,,5.0,10.0,6.0,52,60,39,51,30,93,10.0,61,20.0,17,10.0,7.0,140,28,52,54,,65,,8.0,,4.0,2.0,,,2.0,4.0,4.0,4.0,,23,48,62,7.0,10.0,11.0,9.0,2.0,26,44,108,105,87,33,,,2.0,,,6.0,11.0,37.0,8.0,76,95,71,31,79,32.0,23,24.0,28.0,17.0,2.0,78,,6.0,2.0,2.0,74,25,16,28,28,19,2.0,,6.0,,,10.0,,,2.0,2.0,,35.0,,,6.0,39,32.0,50,6,,4.0,,40,,96,,99,16.0,75,11.0,10.0,44,6.0,10.0,4.0,27.0,,4.0,5.0,,,6.0,64,36,,5.0,,2.0,10.0,4.0,8.0,19.0,,,5.0,74,94,,
2017-08-01,49,115,37,182,4.0,17.0,,33.0,60,31,8.0,67,72,59,41,82,53,19,,36,31.0,2.0,16.0,13.0,12.0,79,20.0,42,,12.0,31.0,,14.0,93,,,2.0,2.0,40.0,45,180,32,25,60,64,146,110,112,12.0,84,85,58,2.0,15.0,25.0,48,,,43,,28.0,114,,8.0,12.0,6.0,,4.0,10.0,,2.0,6.0,,9.0,15.0,40,,,8,67,5.0,19.0,131,10.0,5.0,31.0,143,49.0,56,2.0,,27,,,,400,,140,362,163,,8.0,,,2.0,,10.0,9.0,,5.0,,46,46,46,111,25,29,18.0,49,15.0,11,33.0,11.0,105,21,39,74,,34,2.0,12.0,4.0,,,,,,,4.0,,,2,31,44,19.0,4.0,,5.0,22.0,26,55,79,44,66,28,,,14.0,,,8.0,2.0,5.0,14.0,66,67,49,46,62,9.0,17,20.0,9.0,6.0,11.0,89,,4.0,25.0,6.0,80,10,46,31,22,14,,,2.0,6.0,,14.0,,,2.0,2.0,,24.0,,,8.0,4,14.0,53,13,2.0,6.0,,39,,108,,90,14.0,66,,10.0,55,17.0,,25.0,12.0,,6.0,,10.0,,10.0,36,51,,,,,12.0,20.0,6.0,7.0,,,2.0,110,115,,2.0
2017-09-01,96,66,48,203,4.0,4.0,5.0,16.0,43,12,14.0,89,120,46,48,116,84,33,,52,17.0,,16.0,,6.0,51,34.0,47,6.0,4.0,,,2.0,155,,,,,31.0,27,229,60,22,71,52,110,65,145,20.0,80,86,56,,17.0,6.0,23,,,68,,43.0,153,,5.0,6.0,,2.0,,6.0,,,,,45.0,16.0,18,,34.0,14,56,2.0,16.0,134,12.0,8.0,17.0,138,55.0,49,,,44,,,5.0,471,2.0,137,373,120,4.0,2.0,6.0,,2.0,,5.0,,14.0,26.0,2.0,36,67,42,94,37,32,6.0,52,21.0,33,14.0,10.0,142,38,38,62,,65,8.0,8.0,,2.0,2.0,,2.0,,6.0,2.0,4.0,,10,19,59,4.0,6.0,17.0,13.0,36.0,22,42,117,72,48,26,,2.0,4.0,,,,6.0,7.0,2.0,72,59,20,39,40,14.0,8,31.0,13.0,2.0,4.0,47,,14.0,6.0,17.0,128,20,60,32,47,8,11.0,2.0,4.0,,,4.0,2.0,,4.0,8.0,,18.0,,2.0,6.0,22,37.0,78,2,6.0,4.0,2.0,49,,112,2.0,103,2.0,49,,4.0,67,11.0,4.0,10.0,34.0,2.0,,,,,10.0,55,22,,,,,19.0,13.0,8.0,10.0,,,,52,95,2.0,
2017-10-01,68,112,47,215,,2.0,,41.0,26,34,2.0,143,125,31,45,93,77,26,,56,18.0,10.0,18.0,2.0,,39,38.0,65,,,6.0,,7.0,32,2.0,,8.0,,22.0,22,277,60,62,42,44,105,87,162,20.0,127,142,23,8.0,5.0,35.0,58,,,92,,11.0,123,2.0,16.0,10.0,,,,5.0,,,,,23.0,6.0,18,5.0,,29,55,24.0,2.0,154,6.0,6.0,23.0,99,66.0,93,5.0,2.0,31,,5.0,4.0,492,4.0,106,425,93,11.0,,2.0,,,,7.0,10.0,5.0,10.0,,22,90,43,85,46,30,12.0,28,14.0,33,5.0,9.0,168,36,46,45,,51,,12.0,,11.0,,,,,,14.0,,2.0,10,32,41,6.0,12.0,10.0,61.0,27.0,39,66,111,74,97,14,,,,8.0,5.0,9.0,2.0,45.0,20.0,79,68,42,58,74,,8,28.0,15.0,11.0,10.0,39,,,30.0,20.0,120,42,47,30,53,14,22.0,4.0,2.0,,,2.0,,,,,4.0,24.0,2.0,10.0,8.0,27,29.0,47,39,18.0,10.0,,33,,115,6.0,117,10.0,55,4.0,2.0,41,4.0,7.0,23.0,14.0,5.0,15.0,,,,,74,21,,,,,22.0,2.0,2.0,2.0,,,,76,53,,5.0
2017-11-01,109,105,38,217,11.0,6.0,,49.0,27,81,9.0,108,92,39,39,63,50,49,,79,10.0,16.0,16.0,,,50,16.0,64,,2.0,15.0,10.0,12.0,84,,,10.0,,15.0,39,197,25,60,61,40,101,43,150,2.0,96,56,49,6.0,16.0,,30,,6.0,91,,17.0,193,,2.0,22.0,,,,2.0,2.0,4.0,9.0,,9.0,14.0,31,4.0,44.0,39,42,,8.0,166,4.0,19.0,24.0,109,33.0,44,,11.0,34,,,2.0,463,,112,332,103,2.0,,4.0,,,,2.0,,6.0,11.0,6.0,18,97,41,93,33,16,23.0,36,22.0,23,25.0,6.0,185,27,45,57,,52,,10.0,,,4.0,,6.0,,18.0,16.0,2.0,2.0,14,49,74,22.0,2.0,11.0,48.0,31.0,25,41,57,49,71,31,,,,,2.0,4.0,2.0,9.0,32.0,72,56,36,36,49,9.0,44,26.0,10.0,25.0,10.0,55,,2.0,2.0,14.0,136,31,69,26,22,8,2.0,,5.0,2.0,4.0,,6.0,,2.0,6.0,,21.0,,2.0,4.0,22,25.0,73,12,4.0,6.0,2.0,4,2.0,132,,119,12.0,66,2.0,21.0,33,6.0,12.0,10.0,18.0,4.0,18.0,,10.0,5.0,2.0,50,40,,,,,7.0,,10.0,6.0,2.0,,,62,68,,
2017-12-01,95,140,71,165,6.0,,,20.0,24,24,,157,81,78,40,85,78,42,10.0,28,7.0,6.0,8.0,,,45,14.0,76,2.0,,5.0,7.0,6.0,23,4.0,,4.0,4.0,20.0,41,165,64,56,81,40,59,42,136,18.0,93,50,59,6.0,13.0,12.0,41,,,58,10.0,,168,5.0,21.0,12.0,,,4.0,6.0,,,2.0,2.0,17.0,21.0,43,4.0,,5,17,7.0,9.0,73,15.0,,9.0,131,37.0,97,5.0,,45,,,8.0,457,,119,284,81,,,4.0,,,,7.0,,6.0,11.0,4.0,20,75,32,140,61,83,26.0,50,24.0,17,,4.0,120,22,41,57,,64,14.0,8.0,,7.0,,4.0,4.0,,8.0,10.0,9.0,2.0,12,49,47,11.0,18.0,19.0,8.0,26.0,8,39,45,51,61,6,,4.0,,,,15.0,24.0,5.0,15.0,97,59,42,32,68,4.0,13,40.0,10.0,16.0,12.0,61,,9.0,13.0,12.0,130,22,52,18,36,10,12.0,,12.0,4.0,,11.0,2.0,10.0,2.0,6.0,4.0,28.0,,,,16,4.0,38,30,23.0,10.0,4.0,40,,77,4.0,122,8.0,29,12.0,10.0,30,4.0,12.0,6.0,23.0,10.0,2.0,,22.0,9.0,7.0,42,19,,,,,18.0,7.0,20.0,8.0,,2.0,6.0,63,66,2.0,2.0
2018-01-01,40,118,43,157,4.0,6.0,,23.0,46,16,7.0,103,137,44,18,67,66,32,2.0,30,2.0,16.0,6.0,,9.0,43,2.0,38,11.0,4.0,12.0,,8.0,31,2.0,4.0,,4.0,30.0,72,146,17,16,46,23,49,12,115,,42,25,25,2.0,8.0,22.0,32,,,83,5.0,10.0,68,5.0,,6.0,,12.0,,,24.0,7.0,2.0,5.0,34.0,6.0,24,,14.0,17,12,5.0,5.0,120,7.0,10.0,36.0,61,25.0,49,,,24,,,,473,,100,291,108,10.0,,2.0,,,,2.0,,6.0,10.0,6.0,49,124,54,60,41,39,14.0,31,16.0,10,5.0,,158,35,30,92,4.0,50,,14.0,,,8.0,2.0,,,,2.0,,,6,75,40,18.0,10.0,13.0,9.0,15.0,20,31,43,57,45,33,6.0,2.0,,2.0,,,6.0,14.0,9.0,85,63,46,21,58,5.0,16,14.0,20.0,6.0,2.0,47,,5.0,8.0,7.0,112,38,42,27,35,24,22.0,4.0,2.0,5.0,,7.0,2.0,9.0,,,,19.0,,2.0,4.0,10,15.0,45,4,2.0,6.0,2.0,22,,65,,137,17.0,42,4.0,17.0,40,7.0,2.0,4.0,15.0,2.0,10.0,,12.0,10.0,4.0,42,17,,,,,5.0,10.0,2.0,13.0,,,,64,50,4.0,
2018-02-01,96,65,56,131,16.0,,,11.0,13,71,16.0,94,61,36,17,62,53,29,,29,7.0,2.0,12.0,,12.0,33,10.0,75,12.0,,4.0,2.0,2.0,60,,,2.0,,10.0,67,116,20,18,57,25,39,55,77,11.0,92,48,38,2.0,17.0,4.0,24,,,30,,,71,,10.0,12.0,,,4.0,4.0,,,,,9.0,11.0,21,2.0,4.0,11,45,26.0,15.0,137,4.0,6.0,19.0,102,26.0,64,,5.0,43,,2.0,,436,2.0,77,244,140,2.0,,,,,,4.0,,4.0,21.0,11.0,38,73,28,74,22,25,2.0,33,17.0,10,5.0,7.0,210,18,47,101,,53,,4.0,,,,,,,4.0,14.0,4.0,4.0,38,24,35,15.0,2.0,9.0,6.0,13.0,13,33,72,52,70,31,,,,,,4.0,,13.0,26.0,132,89,32,27,50,6.0,10,23.0,7.0,,10.0,31,,13.0,10.0,15.0,90,16,48,43,10,8,16.0,,2.0,4.0,,2.0,,,5.0,2.0,,25.0,,4.0,24.0,11,8.0,45,20,,8.0,,38,,34,7.0,113,8.0,36,,6.0,24,10.0,2.0,,14.0,,4.0,,5.0,,2.0,54,23,,,,,2.0,15.0,4.0,,,,,56,77,,
2018-03-01,84,98,30,109,,2.0,,10.0,17,73,,130,81,39,30,46,44,48,,38,34.0,5.0,22.0,,,34,6.0,58,,,5.0,,15.0,40,7.0,,2.0,,,68,95,39,26,49,44,56,43,64,6.0,62,72,26,2.0,13.0,8.0,17,,,57,,,91,,,4.0,,2.0,,5.0,,,6.0,,,6.0,28,,8.0,12,36,7.0,6.0,49,4.0,10.0,20.0,115,4.0,53,6.0,,43,,6.0,,428,,62,256,118,2.0,,6.0,,,2.0,9.0,,8.0,39.0,4.0,8,68,22,62,20,41,8.0,38,31.0,12,2.0,2.0,130,19,53,141,,52,2.0,12.0,4.0,5.0,,,,,8.0,6.0,9.0,2.0,9,39,19,5.0,16.0,17.0,18.0,5.0,14,32,82,63,89,12,2.0,,,,5.0,2.0,,,,77,45,15,16,28,30.0,20,9.0,8.0,17.0,16.0,66,,9.0,10.0,7.0,83,14,52,28,45,10,14.0,4.0,,2.0,,,,6.0,,2.0,5.0,20.0,,5.0,,10,2.0,45,4,2.0,8.0,,38,,11,2.0,95,6.0,29,,2.0,31,7.0,,6.0,10.0,4.0,4.0,,2.0,,,21,25,,2.0,,,26.0,6.0,,12.0,,,,43,69,,
2018-04-01,80,90,44,126,20.0,8.0,2.0,10.0,43,19,6.0,116,59,18,31,55,61,33,,66,7.0,4.0,17.0,2.0,6.0,59,11.0,74,,5.0,,,7.0,78,6.0,,6.0,5.0,15.0,57,150,60,38,51,41,46,66,107,7.0,69,34,38,,10.0,2.0,25,,,82,,11.0,103,7.0,7.0,2.0,,12.0,,,,,,,32.0,4.0,25,,4.0,15,33,18.0,,79,4.0,2.0,25.0,46,,49,,,32,,,,425,,132,310,131,2.0,,4.0,,6.0,,7.0,5.0,20.0,11.0,6.0,18,64,10,70,17,59,14.0,48,18.0,16,12.0,2.0,92,29,40,63,,34,,8.0,7.0,,2.0,,,,,15.0,9.0,13.0,18,42,46,10.0,7.0,6.0,,21.0,4,35,87,80,71,12,,,,,,,,15.0,6.0,56,75,29,27,32,5.0,28,28.0,,10.0,12.0,65,,,15.0,8.0,92,22,45,31,20,14,8.0,,,,,5.0,,,2.0,2.0,,17.0,,,9.0,8,7.0,53,16,2.0,14.0,,38,,72,5.0,114,6.0,36,2.0,10.0,25,9.0,7.0,,17.0,6.0,8.0,,5.0,4.0,,48,23,,,,,17.0,8.0,,8.0,,,,82,54,,
2018-05-01,64,73,54,218,2.0,11.0,4.0,2.0,50,39,,159,120,64,28,81,41,34,,67,12.0,,6.0,,,28,7.0,109,,,12.0,,19.0,54,11.0,4.0,15.0,,9.0,30,177,60,85,25,39,80,62,107,6.0,112,78,32,2.0,8.0,4.0,50,,,104,,21.0,97,,4.0,2.0,,6.0,,2.0,8.0,,,,20.0,9.0,25,4.0,6.0,2,22,,14.0,126,2.0,8.0,10.0,98,42.0,75,,,67,,,,533,,131,389,177,4.0,,,,28.0,,8.0,,17.0,8.0,,27,55,34,93,9,104,18.0,87,33.0,10,23.0,4.0,139,8,46,44,,45,,6.0,,2.0,,,,,2.0,2.0,,4.0,2,30,22,4.0,6.0,,13.0,17.0,2,84,128,96,138,28,,,,4.0,6.0,,7.0,5.0,15.0,90,55,16,23,42,10.0,22,27.0,6.0,12.0,8.0,84,,6.0,11.0,2.0,74,8,56,18,32,12,4.0,,4.0,2.0,,,5.0,,,9.0,2.0,18.0,,6.0,26.0,28,13.0,47,14,6.0,22.0,,44,,62,2.0,109,15.0,39,8.0,6.0,31,11.0,,2.0,19.0,15.0,12.0,,,10.0,,55,23,,,,,6.0,2.0,10.0,,,,,74,52,,
2018-06-01,71,66,50,110,,7.0,,,51,45,5.0,116,103,39,47,66,52,32,2.0,52,8.0,11.0,11.0,2.0,6.0,49,4.0,61,2.0,,4.0,,11.0,79,,,2.0,5.0,4.0,67,136,37,29,40,33,105,77,135,10.0,77,34,43,,30.0,2.0,42,,,60,,10.0,83,,5.0,4.0,,11.0,,6.0,,5.0,,,23.0,4.0,33,,4.0,25,63,14.0,8.0,101,4.0,,20.0,82,11.0,85,5.0,,30,,4.0,2.0,586,,67,383,137,8.0,,5.0,,5.0,,18.0,,19.0,2.0,,33,74,26,69,15,55,15.0,72,34.0,19,12.0,,120,18,71,78,2.0,52,,6.0,2.0,,,,,,,12.0,2.0,16.0,24,28,21,,19.0,6.0,19.0,12.0,22,34,79,53,59,23,6.0,,,,,22.0,,17.0,18.0,89,35,21,19,44,2.0,4,20.0,20.0,,12.0,35,,14.0,14.0,4.0,82,8,55,34,42,21,,4.0,,2.0,,4.0,6.0,7.0,,14.0,,10.0,,,2.0,23,2.0,33,8,6.0,27.0,4.0,44,,72,,134,14.0,18,2.0,5.0,19,4.0,,6.0,38.0,,16.0,,4.0,,4.0,59,22,,,,,14.0,16.0,8.0,6.0,,,,90,47,,
2018-07-01,77,49,43,156,6.0,2.0,,,19,12,12.0,106,74,36,35,107,84,32,,67,30.0,2.0,8.0,24.0,4.0,83,6.0,74,,5.0,,6.0,4.0,61,2.0,,2.0,,6.0,31,149,48,12,58,81,132,61,188,7.0,81,81,38,18.0,6.0,15.0,62,,2.0,100,2.0,,101,,2.0,2.0,,,,6.0,,,,,14.0,26.0,26,,6.0,12,25,26.0,26.0,124,20.0,2.0,19.0,90,57.0,54,,8.0,18,,,,626,2.0,114,387,169,,,12.0,,,,7.0,2.0,7.0,2.0,2.0,28,65,35,70,43,54,10.0,60,13.0,14,23.0,,175,14,56,106,,44,,2.0,,,,,,,4.0,6.0,10.0,6.0,13,36,29,6.0,28.0,21.0,4.0,13.0,11,35,126,57,91,24,,2.0,,,,2.0,,33.0,19.0,97,75,35,45,34,18.0,2,8.0,4.0,30.0,10.0,40,,4.0,,8.0,86,32,36,18,34,10,8.0,2.0,4.0,5.0,,4.0,,2.0,,9.0,2.0,18.0,,4.0,4.0,29,4.0,28,18,2.0,10.0,,59,5.0,56,2.0,128,6.0,25,,6.0,30,11.0,7.0,2.0,29.0,28.0,20.0,,,2.0,8.0,66,37,,,,,8.0,,,,,,,128,60,,5.0
2018-08-01,92,58,69,207,11.0,4.0,2.0,24.0,61,72,4.0,94,81,44,25,75,90,34,,80,20.0,8.0,19.0,,24.0,48,4.0,55,,6.0,4.0,,8.0,44,2.0,,,,5.0,31,198,14,10,25,70,97,66,140,2.0,75,47,45,8.0,21.0,17.0,32,,4.0,94,7.0,6.0,83,4.0,10.0,8.0,,2.0,,,6.0,,,,27.0,8.0,28,,7.0,26,44,5.0,15.0,103,2.0,4.0,26.0,112,25.0,55,,,30,5.0,10.0,,486,4.0,76,332,92,4.0,,2.0,,,2.0,11.0,,2.0,6.0,4.0,18,75,36,69,44,53,11.0,75,20.0,4,16.0,5.0,125,25,44,110,,88,6.0,4.0,,2.0,,,2.0,2.0,6.0,14.0,21.0,10.0,2,10,8,10.0,18.0,7.0,19.0,16.0,35,43,104,66,46,32,,,,,,2.0,4.0,12.0,14.0,92,60,24,22,40,,5,8.0,2.0,10.0,7.0,56,,5.0,7.0,22.0,80,4,29,16,60,16,8.0,2.0,4.0,4.0,,2.0,2.0,,,8.0,,41.0,7.0,5.0,7.0,12,4.0,33,7,6.0,14.0,,25,2.0,52,,72,4.0,23,12.0,26.0,26,,,,22.0,4.0,10.0,,4.0,,4.0,64,6,,,,,4.0,6.0,,2.0,,,2.0,101,57,,
2018-09-01,47,71,66,112,2.0,,6.0,4.0,78,26,2.0,102,121,62,48,98,47,74,,94,8.0,11.0,18.0,2.0,10.0,81,2.0,73,,,11.0,,14.0,66,8.0,,2.0,4.0,24.0,36,129,43,6,44,66,54,56,149,10.0,103,31,37,,4.0,4.0,51,,,76,,2.0,138,,,,,10.0,,,8.0,,4.0,,26.0,,16,,5.0,21,74,17.0,4.0,80,2.0,2.0,26.0,102,35.0,48,4.0,,41,2.0,4.0,,465,,98,392,90,4.0,,,,2.0,,5.0,,8.0,6.0,,44,52,20,48,4,37,17.0,43,36.0,8,18.0,4.0,135,4,50,111,2.0,66,6.0,19.0,,,2.0,,2.0,5.0,2.0,10.0,,,8,58,14,17.0,9.0,12.0,11.0,10.0,25,33,77,47,83,28,,,2.0,,4.0,2.0,2.0,2.0,20.0,120,61,10,8,69,4.0,8,,5.0,10.0,9.0,41,,7.0,14.0,23.0,63,4,32,16,37,18,4.0,,2.0,,,7.0,,,11.0,10.0,5.0,20.0,10.0,5.0,4.0,21,18.0,38,2,12.0,22.0,,49,6.0,52,,107,12.0,38,,16.0,24,4.0,,12.0,5.0,6.0,6.0,,10.0,,8.0,71,43,,,,,22.0,12.0,,8.0,,,,88,64,,
2018-10-01,68,85,56,156,7.0,,,17.0,45,36,4.0,106,126,56,58,80,56,41,,50,15.0,,12.0,,2.0,36,25.0,78,,7.0,5.0,,12.0,40,,,,12.0,12.0,68,206,19,52,36,37,72,41,92,17.0,129,40,29,,10.0,2.0,31,,,36,14.0,,82,,9.0,4.0,,2.0,4.0,2.0,8.0,8.0,,,18.0,4.0,10,,11.0,42,48,4.0,8.0,100,9.0,,37.0,36,32.0,28,,,36,,,5.0,487,8.0,82,393,132,6.0,2.0,,,6.0,5.0,,,4.0,6.0,,34,48,30,61,28,31,16.0,83,14.0,24,26.0,,193,18,47,102,,74,,4.0,4.0,,,,2.0,,,2.0,4.0,2.0,2,29,32,4.0,6.0,12.0,2.0,15.0,14,59,88,68,91,51,5.0,,4.0,,,4.0,2.0,12.0,20.0,134,64,22,19,47,,11,30.0,12.0,4.0,6.0,64,,9.0,10.0,7.0,66,31,28,14,35,10,2.0,4.0,8.0,,,11.0,,2.0,,,,50.0,,6.0,11.0,61,6.0,30,23,4.0,8.0,4.0,14,,84,,80,10.0,27,2.0,16.0,31,,,2.0,6.0,,6.0,,,5.0,6.0,70,15,,2.0,,,5.0,10.0,,4.0,,,4.0,85,50,,
2018-11-01,75,37,72,123,,2.0,,10.0,21,14,9.0,108,56,78,45,96,54,42,,55,9.0,4.0,14.0,2.0,4.0,34,14.0,71,,,4.0,8.0,8.0,76,,11.0,,,4.0,55,120,51,24,46,29,95,73,110,9.0,92,70,87,,22.0,10.0,50,,,51,,8.0,91,5.0,24.0,4.0,,,2.0,4.0,,,,,9.0,4.0,8,,38.0,8,30,11.0,,93,11.0,6.0,7.0,72,13.0,39,,,48,,,5.0,486,2.0,98,366,78,2.0,,,,5.0,,5.0,7.0,24.0,2.0,,38,58,26,107,14,44,6.0,43,14.0,10,20.0,6.0,153,32,50,99,4.0,107,,23.0,,5.0,,,,2.0,,4.0,,7.0,7,38,37,2.0,,6.0,9.0,16.0,24,59,62,32,45,31,,,2.0,,,16.0,,24.0,15.0,96,38,34,45,65,14.0,26,25.0,10.0,8.0,16.0,58,,,11.0,10.0,86,12,44,28,47,18,7.0,6.0,12.0,,4.0,,,,,,,29.0,,13.0,4.0,17,8.0,22,14,6.0,18.0,,24,5.0,65,5.0,91,14.0,36,6.0,16.0,26,14.0,5.0,16.0,10.0,4.0,6.0,,7.0,,,57,10,,,,2.0,11.0,4.0,28.0,8.0,,,8.0,43,25,2.0,2.0
2018-12-01,58,75,66,111,11.0,2.0,,13.0,26,23,10.0,139,86,22,26,125,48,77,,60,11.0,2.0,9.0,,,43,8.0,69,8.0,,4.0,,11.0,56,,11.0,,5.0,12.0,41,203,22,21,48,25,84,74,124,10.0,106,32,88,16.0,8.0,13.0,35,,,53,,10.0,147,8.0,6.0,4.0,,4.0,,10.0,,5.0,4.0,,18.0,7.0,14,4.0,9.0,40,45,11.0,10.0,121,18.0,12.0,9.0,86,17.0,66,,2.0,19,,,4.0,553,,108,361,121,4.0,7.0,4.0,,13.0,7.0,2.0,,10.0,,2.0,45,99,35,96,20,31,10.0,23,17.0,8,26.0,,214,37,104,116,,40,4.0,25.0,,5.0,6.0,4.0,,,4.0,14.0,2.0,2.0,12,52,48,2.0,6.0,10.0,23.0,22.0,41,39,117,84,135,58,,,,,,2.0,11.0,13.0,26.0,88,60,44,37,93,5.0,8,8.0,,8.0,18.0,77,,2.0,2.0,,119,6,48,24,33,24,12.0,,4.0,7.0,,8.0,,,,4.0,,43.0,,6.0,,2,5.0,36,17,8.0,12.0,,26,,64,,96,,49,,29.0,20,28.0,2.0,6.0,6.0,,10.0,,,5.0,7.0,112,15,,,,,26.0,7.0,2.0,14.0,,,6.0,64,76,,2.0
